-- MySQL dump 10.13  Distrib 5.7.21, for Linux (x86_64)
--
-- Host: localhost    Database: example
-- ------------------------------------------------------
-- Server version	5.7.21-0ubuntu0.16.04.1

/*!40101 SET @OLD_CHARACTER_SET_CLIENT=@@CHARACTER_SET_CLIENT */;
/*!40101 SET @OLD_CHARACTER_SET_RESULTS=@@CHARACTER_SET_RESULTS */;
/*!40101 SET @OLD_COLLATION_CONNECTION=@@COLLATION_CONNECTION */;
/*!40101 SET NAMES utf8 */;
/*!40103 SET @OLD_TIME_ZONE=@@TIME_ZONE */;
/*!40103 SET TIME_ZONE='+00:00' */;
/*!40014 SET @OLD_UNIQUE_CHECKS=@@UNIQUE_CHECKS, UNIQUE_CHECKS=0 */;
/*!40014 SET @OLD_FOREIGN_KEY_CHECKS=@@FOREIGN_KEY_CHECKS, FOREIGN_KEY_CHECKS=0 */;
/*!40101 SET @OLD_SQL_MODE=@@SQL_MODE, SQL_MODE='NO_AUTO_VALUE_ON_ZERO' */;
/*!40111 SET @OLD_SQL_NOTES=@@SQL_NOTES, SQL_NOTES=0 */;

--
-- Table structure for table `customer`
--

DROP TABLE IF EXISTS `customer`;
/*!40101 SET @saved_cs_client     = @@character_set_client */;
/*!40101 SET character_set_client = utf8 */;
CREATE TABLE `customer` (
  `user` varchar(25) DEFAULT NULL,
  `password` varchar(25) DEFAULT NULL,
  `firstname` varchar(25) DEFAULT NULL,
  `lastname` varchar(25) DEFAULT NULL,
  `email` varchar(30) DEFAULT NULL,
  `zipcode` varchar(6) DEFAULT NULL
) ENGINE=InnoDB DEFAULT CHARSET=latin1;
/*!40101 SET character_set_client = @saved_cs_client */;

--
-- Dumping data for table `customer`
--

LOCK TABLES `customer` WRITE;
/*!40000 ALTER TABLE `customer` DISABLE KEYS */;
INSERT INTO `customer` VALUES ('jake','1111',NULL,NULL,'gizmo928@live.com',NULL),('gizmo','google','david','ramirez','lmao@lmao.com',NULL),('dj','it490','donald','kehoe','eniwaihds',NULL),('dio','re','doo','kee','eniwai',NULL),('dsa','d','da','d','d',NULL),(NULL,'','','','dafdhssgfadsf',NULL),(NULL,'hello','david','ramirez','newemail',NULL),(NULL,'the','ok','what','fuck',NULL),(NULL,'anyone','hello','can','hearme',NULL),(NULL,'hi','hello','can','alreadyused',NULL),(NULL,'hi','hello','can','so',NULL),(NULL,'hi','be','ne','hao',NULL),('newusername','newpassword','newfirstname','newlastname','newemail@email.com',NULL),('oldusername','oldpassword','oldfname','oldlname','old@email.com',NULL),('use','pass','first','last','1@email.com',NULL),('specific','imdone','first','last','teehee@email.com',NULL),('1lasttimeu','1lasttime','1lasttimef','1lasttimel','1lastime@email.com',NULL),('glrhjfd','okfine','1lasttimef','1lasttimel','hierwhgfdu@live.com',NULL),('gfdfs','pppp','1lasttimef','1lasttimel','dsoduf@live.com',NULL),('abcuser','abc123','abcfname','abclname','abc@abc.com',NULL),('xyzuser','xyz123','zyxfname','xyzlname','xyz@something.com',NULL),('niharpatel','nihar123','nihar','patel','nihar@google.com',NULL),('stefanrajaram','stefan123','stefan','rajaram','stefan@live.com',NULL),('saagio','saaagiooo','shahiil','giovani','saagio@live.com',NULL),('saagio','dskajfdjs','shahiil','giovani','eworheiuetr@live.com',NULL),('saagio','fkodsjabjfds','shahiil','giovani','dskajfdbjsfhvdsual@live.com',NULL),('saagio','ppooopk','shahiil','giovani','abctio@live.com',NULL),('pleeeeease','iamsodonelol','opods','giovaniwhy','pleasework@gmail.com',NULL),('fuckyourbro','yousuckass','amazonsucks','yesitdoes','eatshit@haha.com',NULL),('myoldfriend','password','David','darkness','howareyou@email.com','07011'),('sgovani','TEST','saahil','govani','saahilgovani@gmail.com','08807'),('srajaram93','test','Stefan','Rajaram','srajaram93@gmail.com','07087'),('timnieto','testing0','Tim','Nieto','tn@gmail.com','07107'),('dank420','123456','dank','420','dank420@gmail.com','07675');
/*!40000 ALTER TABLE `customer` ENABLE KEYS */;
UNLOCK TABLES;

--
-- Table structure for table `movie`
--

DROP TABLE IF EXISTS `movie`;
/*!40101 SET @saved_cs_client     = @@character_set_client */;
/*!40101 SET character_set_client = utf8 */;
CREATE TABLE `movie` (
  `title` varchar(125) DEFAULT NULL,
  `photo` varchar(300) DEFAULT NULL,
  `releaseDate` varchar(10) DEFAULT NULL,
  `zipcode` varchar(5) DEFAULT NULL,
  `date_stored` varchar(15) DEFAULT NULL
) ENGINE=InnoDB DEFAULT CHARSET=latin1;
/*!40101 SET character_set_client = @saved_cs_client */;

--
-- Dumping data for table `movie`
--

LOCK TABLES `movie` WRITE;
/*!40000 ALTER TABLE `movie` DISABLE KEYS */;
/*!40000 ALTER TABLE `movie` ENABLE KEYS */;
UNLOCK TABLES;

--
-- Table structure for table `movie_genre`
--

DROP TABLE IF EXISTS `movie_genre`;
/*!40101 SET @saved_cs_client     = @@character_set_client */;
/*!40101 SET character_set_client = utf8 */;
CREATE TABLE `movie_genre` (
  `title` varchar(100) NOT NULL,
  `genre` varchar(100) DEFAULT NULL
) ENGINE=InnoDB DEFAULT CHARSET=latin1;
/*!40101 SET character_set_client = @saved_cs_client */;

--
-- Dumping data for table `movie_genre`
--

LOCK TABLES `movie_genre` WRITE;
/*!40000 ALTER TABLE `movie_genre` DISABLE KEYS */;
INSERT INTO `movie_genre` VALUES ('A Quiet Place','Horror'),('A Quiet Place','Thriller'),('A Wrinkle in Time','Adventure'),('A Wrinkle in Time','Children'),('A Wrinkle in Time','Fantasy'),('A Wrinkle in Time','Science fiction'),('Aardvark','Drama'),('Acrimony','Drama'),('Acrimony','Thriller'),('Amazon Adventure: An IMAX 3D Experience','Documentary'),('Avengers: Infinity War','Action'),('Avengers: Infinity War','Adventure'),('Avengers: Infinity War','Fantasy'),('Avengers: Infinity War','Science fiction'),('Avengers: Infinity War -- The IMAX 2D Experience','Action'),('Avengers: Infinity War -- The IMAX 2D Experience','Adventure'),('Avengers: Infinity War -- The IMAX 2D Experience','Fantasy'),('Avengers: Infinity War -- The IMAX 2D Experience','Science fiction'),('Avengers: Infinity War 3D','Action'),('Avengers: Infinity War 3D','Adventure'),('Avengers: Infinity War 3D','Fantasy'),('Avengers: Infinity War 3D','Science fiction'),('Baja','Comedy'),('Beirut','Action'),('Beirut','Thriller'),('Black Panther','Action'),('Black Panther','Adventure'),('Black Panther','Fantasy'),('Blackmail','Action'),('Blackmail','Comedy'),('Blockers','Comedy'),('Blumhouse\'s Truth or Dare','Horror'),('Blumhouse\'s Truth or Dare','Thriller'),('Chappaquiddick','Historical drama'),('Chappaquiddick','Thriller'),('Corbin Nash','Action'),('Corbin Nash','Horror'),('I Can Only Imagine','Biography'),('I Can Only Imagine','Drama'),('I Can Only Imagine','Music'),('I Feel Pretty','Comedy'),('Isle of Dogs','Adventure'),('Isle of Dogs','Animated'),('Isle of Dogs','Comedy'),('Krystal','Comedy drama'),('Love, Simon','Romantic comedy'),('Mercury','Thriller'),('Pandas: An IMAX 3D Experience','Documentary'),('Rampage','Action'),('Rampage','Adventure'),('Rampage','Science fiction'),('Rampage 3D','Action'),('Rampage 3D','Adventure'),('Rampage 3D','Science fiction'),('Rampage: The IMAX 2D Experience','Action'),('Rampage: The IMAX 2D Experience','Adventure'),('Rampage: The IMAX 2D Experience','Science fiction'),('Ready Player One','Action'),('Ready Player One','Adventure'),('Ready Player One','Fantasy'),('Ready Player One','Science fiction'),('Ready Player One 3D','Action'),('Ready Player One 3D','Adventure'),('Ready Player One 3D','Fantasy'),('Ready Player One 3D','Science fiction'),('Sgt. Stubby: An American Hero','Adventure'),('Sgt. Stubby: An American Hero','Animated'),('Sgt. Stubby: An American Hero','Children'),('Sgt. Stubby: An American Hero','Comedy'),('Sgt. Stubby: An American Hero','War'),('Sherlock Gnomes','Adventure'),('Sherlock Gnomes','Animated'),('Sherlock Gnomes','Children'),('Sherlock Gnomes','Comedy'),('Sherlock Gnomes','Mystery'),('Submergence','Drama'),('Submergence','Romance'),('Super Troopers 2','Comedy'),('The Miracle Season','Drama'),('This Is Home: A Refugee Story','Documentary'),('Traffik','Action'),('Traffik','Thriller'),('Tyler Perry\'s Acrimony','Drama'),('Tyler Perry\'s Acrimony','Thriller'),('A Quiet Place','Horror'),('A Quiet Place','Thriller'),('Sherlock Gnomes','Comedy'),('Sherlock Gnomes','Adventure'),('Sherlock Gnomes','Mystery'),('Sherlock Gnomes','Animated'),('Sherlock Gnomes','Children'),('I Feel Pretty','Comedy'),('Blumhouse\'s Truth or Dare','Horror'),('Blumhouse\'s Truth or Dare','Thriller'),('Black Panther','Action'),('Black Panther','Adventure'),('Black Panther','Fantasy'),('Rampage','Action'),('Rampage','Adventure'),('Rampage','Science fiction'),('Ready Player One','Science fiction'),('Ready Player One','Fantasy'),('Ready Player One','Adventure'),('Ready Player One','Action'),('Avengers: Infinity War','Action'),('Avengers: Infinity War','Adventure'),('Avengers: Infinity War','Fantasy'),('Avengers: Infinity War','Science fiction'),('Traffik','Thriller'),('Traffik','Action'),('Rampage 3D','Action'),('Rampage 3D','Adventure'),('Rampage 3D','Science fiction'),('Tyler Perry\'s Acrimony','Thriller'),('Tyler Perry\'s Acrimony','Drama'),('Sgt. Stubby: An American Hero','Adventure'),('Sgt. Stubby: An American Hero','Comedy'),('Sgt. Stubby: An American Hero','War'),('Sgt. Stubby: An American Hero','Animated'),('Sgt. Stubby: An American Hero','Children'),('Super Troopers 2','Comedy'),('Blockers','Comedy'),('Beirut','Thriller'),('Beirut','Action'),('A Wrinkle in Time','Fantasy'),('A Wrinkle in Time','Adventure'),('A Wrinkle in Time','Science fiction'),('A Wrinkle in Time','Children'),('Acrimony','Thriller'),('Acrimony','Drama'),('Isle of Dogs','Animated'),('Isle of Dogs','Comedy'),('Isle of Dogs','Adventure'),('Rampage: The IMAX 2D Experience','Action'),('Rampage: The IMAX 2D Experience','Adventure'),('Rampage: The IMAX 2D Experience','Science fiction'),('Love, Simon','Romantic comedy'),('Chappaquiddick','Historical drama'),('Chappaquiddick','Thriller'),('Ready Player One 3D','Science fiction'),('Ready Player One 3D','Fantasy'),('Ready Player One 3D','Adventure'),('Ready Player One 3D','Action'),('Avengers: Infinity War 3D','Action'),('Avengers: Infinity War 3D','Adventure'),('Avengers: Infinity War 3D','Fantasy'),('Avengers: Infinity War 3D','Science fiction'),('Cobra Kai Premiere Event Feat. The Karate Kid',NULL),('Avengers: Infinity War -- The IMAX 2D Experience','Action'),('Avengers: Infinity War -- The IMAX 2D Experience','Adventure'),('Avengers: Infinity War -- The IMAX 2D Experience','Fantasy'),('Avengers: Infinity War -- The IMAX 2D Experience','Science fiction'),('Corbin Nash','Horror'),('Corbin Nash','Action'),('I Can Only Imagine','Biography'),('I Can Only Imagine','Drama'),('I Can Only Imagine','Music'),('A Quiet Place','Horror'),('A Quiet Place','Thriller'),('Rampage','Action'),('Rampage','Adventure'),('Rampage','Science fiction'),('Super Troopers 2','Comedy'),('Blockers','Comedy'),('Traffik','Thriller'),('Traffik','Action'),('Blumhouse\'s Truth or Dare','Horror'),('Blumhouse\'s Truth or Dare','Thriller'),('I Feel Pretty','Comedy'),('Rampage 3D','Action'),('Rampage 3D','Adventure'),('Rampage 3D','Science fiction'),('Avengers: Infinity War 3D','Action'),('Avengers: Infinity War 3D','Adventure'),('Avengers: Infinity War 3D','Fantasy'),('Avengers: Infinity War 3D','Science fiction'),('Avengers: Infinity War','Action'),('Avengers: Infinity War','Adventure'),('Avengers: Infinity War','Fantasy'),('Avengers: Infinity War','Science fiction'),('Beirut','Thriller'),('Beirut','Drama'),('Ready Player One','Science fiction'),('Ready Player One','Fantasy'),('Ready Player One','Adventure'),('Ready Player One','Action'),('Isle of Dogs','Animated'),('Isle of Dogs','Comedy'),('Isle of Dogs','Adventure'),('I Feel Pretty','Comedy'),('Sherlock Gnomes','Comedy'),('Sherlock Gnomes','Adventure'),('Sherlock Gnomes','Mystery'),('Sherlock Gnomes','Animated'),('Sherlock Gnomes','Children'),('A Quiet Place','Horror'),('A Quiet Place','Thriller'),('Rampage','Action'),('Rampage','Adventure'),('Rampage','Science fiction'),('Bharat Ane Nenu','Drama'),('Blumhouse\'s Truth or Dare','Horror'),('Blumhouse\'s Truth or Dare','Thriller'),('Blackmail','Action'),('Blackmail','Comedy'),('Baaghi 2','Action'),('Bhaskar Oru Rascal','Comedy drama'),('Diya','Horror'),('Diya','Thriller'),('Diya','Drama'),('Kanam','Horror'),('Kanam','Thriller'),('Kanam','Drama'),('Avengers: Infinity War','Action'),('Avengers: Infinity War','Adventure'),('Avengers: Infinity War','Fantasy'),('Avengers: Infinity War','Science fiction'),('Ready Player One','Science fiction'),('Ready Player One','Fantasy'),('Ready Player One','Adventure'),('Ready Player One','Action'),('Isle of Dogs','Animated'),('Isle of Dogs','Comedy'),('Isle of Dogs','Adventure'),('Avengers: Infinity War 3D','Action'),('Avengers: Infinity War 3D','Adventure'),('Avengers: Infinity War 3D','Fantasy'),('Avengers: Infinity War 3D','Science fiction'),('Blockers','Comedy'),('Super Troopers 2','Comedy'),('Traffik','Thriller'),('Traffik','Action'),('Kodachrome','Comedy drama'),('A Bag of Marbles','Drama'),('Godard Mon Amour','Romantic comedy'),('Godard Mon Amour','Biography'),('The Rider','Drama'),('The Rider','Western'),('A Wrinkle in Time','Fantasy'),('A Wrinkle in Time','Adventure'),('A Wrinkle in Time','Science fiction'),('A Wrinkle in Time','Children'),('Itzhak','Documentary'),('Itzhak','Music'),('Black Panther','Action'),('Black Panther','Adventure'),('Black Panther','Fantasy'),('Avengers: Infinity War -- The IMAX 2D Experience','Action'),('Avengers: Infinity War -- The IMAX 2D Experience','Adventure'),('Avengers: Infinity War -- The IMAX 2D Experience','Fantasy'),('Avengers: Infinity War -- The IMAX 2D Experience','Science fiction'),('Acrimony','Thriller'),('Acrimony','Drama'),('Rampage: The IMAX 2D Experience','Action'),('Rampage: The IMAX 2D Experience','Adventure'),('Rampage: The IMAX 2D Experience','Science fiction'),('Ready Player One 3D','Science fiction'),('Ready Player One 3D','Fantasy'),('Ready Player One 3D','Adventure'),('Ready Player One 3D','Action'),('VR: Raw Data V1.1',NULL),('VR: Eagle Flight',NULL),('Beirut','Thriller'),('Beirut','Drama'),('Dude\'s Manual',NULL),('After Auschwitz','Documentary'),('Sgt. Stubby: An American Hero','Adventure'),('Sgt. Stubby: An American Hero','Comedy'),('Sgt. Stubby: An American Hero','War'),('Sgt. Stubby: An American Hero','Animated'),('Sgt. Stubby: An American Hero','Children'),('Chappaquiddick','Historical drama'),('Chappaquiddick','Thriller'),('Little Pink House','Drama'),('Beyond the Clouds','Drama'),('Ready Player One: An IMAX 3D Experience','Science fiction'),('Ready Player One: An IMAX 3D Experience','Adventure'),('Ready Player One: An IMAX 3D Experience','Action'),('Ready Player One: An IMAX 3D Experience','Fantasy'),('Cake','Drama'),('Cake','Mystery'),('Love, Simon','Romantic comedy'),('You Were Never Really Here','Thriller'),('You Were Never Really Here','Drama'),('Avengers: Infinity War -- An IMAX 3D Experience','Action'),('Avengers: Infinity War -- An IMAX 3D Experience','Adventure'),('Avengers: Infinity War -- An IMAX 3D Experience','Fantasy'),('Avengers: Infinity War -- An IMAX 3D Experience','Science fiction'),('John McEnroe: In the Realm of Perfection','Documentary'),('Braguino','Documentary'),('Zama','Historical drama'),('Grace Jones: Bloodlight and Bami','Documentary'),('Grace Jones: Bloodlight and Bami','Music'),('The Death of Stalin','Dark comedy'),('Rampage 3D','Action'),('Rampage 3D','Adventure'),('Rampage 3D','Science fiction'),('Disobedience','Romance'),('Disobedience','Drama'),('Faces Places','Documentary'),('Ismael\'s Ghosts','Drama'),('Ismael\'s Ghosts','Romance'),('Godard, mon amour','Romantic comedy'),('Godard, mon amour','Biography'),('Where Is Kyra?','Drama'),('Jeannette: The Childhood of Joan of Arc','Musical'),('Jeannette: The Childhood of Joan of Arc','Historical drama'),('Au Hasard Balthazar','Drama'),('L\'enfant secret','Drama'),('Liquid Sky','Science fiction'),('Unsane','Thriller'),('Unsane','Horror'),('Sympathy for the Devil','Documentary'),('Lean on Pete','Drama'),('Love After Love','Drama'),('Borg vs. McEnroe','Drama'),('Ghost Stories','Horror'),('Ghost Stories','Thriller'),('An Evening With Brent Green',NULL),('The Shape of Water','Fantasy'),('The Shape of Water','Romance'),('Hitler\'s Hollywood','Documentary'),('Call Me by Your Name','Romance'),('Call Me by Your Name','Drama'),('Black Panther 3D','Action'),('Black Panther 3D','Adventure'),('Black Panther 3D','Fantasy'),('This Is Our Land','Drama'),('Le Corbeau','Thriller'),('Amazon Adventure 3D','Documentary'),('Amazon Adventure','Documentary'),('IMAX VR: Space Flight: Orbital Emergency',NULL),('IMAX VR: Nickelodeon Slime Zone',NULL),('IMAX VR: Star Trek Bridge Crew',NULL),('IMAX VR: Eagle Flight Multiplayer',NULL),('IMAX VR: Richie\'s Plank Experience',NULL),('The IMAX VR: Justice League VR: Cyborg Flash, Wonder Woman',NULL),('IMAX VR: Raw Data Multiplayer',NULL),('IMAX VR: Justice League VR: Aquaman, Batman, Superman',NULL),('IMAX VR: The Unspoken',NULL),('A Summer Place','Drama'),('Silence','Historical drama'),('Ballad of Orin','Drama'),('A Fantastic Woman','Drama'),('Final Portrait','Biography'),('Final Portrait','Comedy drama'),('Finding Your Feet','Comedy drama'),('Finding Your Feet','Romance'),('Wanderland','Adventure'),('Wanderland','Comedy'),('Wanderland','Musical'),('Lou Andreas-Salomé','Biography'),('Lou Andreas-Salomé','Historical drama'),('The Miracle Season','Drama'),('Annihilation','Science fiction'),('Annihilation','Adventure'),('Annihilation','Thriller'),('Gonjiam: Haunted Asylum','Horror'),('Gonjiam: Haunted Asylum','Thriller'),('Veneno','Action'),('The Killers','Crime drama'),('The Devil and Father Amorth','Documentary'),('The Exorcist','Horror'),('Tyler Perry\'s Acrimony','Thriller'),('Tyler Perry\'s Acrimony','Drama'),('A Night of Comedy Shorts',NULL),('Avengers: Infinity War','Action'),('Avengers: Infinity War','Adventure'),('Avengers: Infinity War','Fantasy'),('Avengers: Infinity War','Science fiction'),('A Quiet Place','Horror'),('A Quiet Place','Thriller'),('I Feel Pretty','Comedy'),('Rampage','Action'),('Rampage','Adventure'),('Rampage','Science fiction'),('Avengers: Infinity War 3D','Action'),('Avengers: Infinity War 3D','Adventure'),('Avengers: Infinity War 3D','Fantasy'),('Avengers: Infinity War 3D','Science fiction'),('Blumhouse\'s Truth or Dare','Horror'),('Blumhouse\'s Truth or Dare','Thriller'),('Traffik','Thriller'),('Traffik','Action'),('Ready Player One','Science fiction'),('Ready Player One','Fantasy'),('Ready Player One','Adventure'),('Ready Player One','Action'),('Super Troopers 2','Comedy'),('Avengers: Infinity War -- The IMAX 2D Experience','Action'),('Avengers: Infinity War -- The IMAX 2D Experience','Adventure'),('Avengers: Infinity War -- The IMAX 2D Experience','Fantasy'),('Avengers: Infinity War -- The IMAX 2D Experience','Science fiction'),('Blockers','Comedy'),('Kings','Drama'),('Black Panther','Action'),('Black Panther','Adventure'),('Black Panther','Fantasy'),('Acrimony','Thriller'),('Acrimony','Drama'),('Rampage 3D','Action'),('Rampage 3D','Adventure'),('Rampage 3D','Science fiction'),('I Can Only Imagine','Biography'),('I Can Only Imagine','Drama'),('I Can Only Imagine','Music'),('Avengers: Infinity War','Action'),('Avengers: Infinity War','Adventure'),('Avengers: Infinity War','Fantasy'),('Avengers: Infinity War','Science fiction'),('Avengers: Infinity War 3D','Action'),('Avengers: Infinity War 3D','Adventure'),('Avengers: Infinity War 3D','Fantasy'),('Avengers: Infinity War 3D','Science fiction'),('Kings','Drama'),('Rampage','Action'),('Rampage','Adventure'),('Rampage','Science fiction'),('Acrimony','Thriller'),('Acrimony','Drama'),('Blumhouse\'s Truth or Dare','Horror'),('Blumhouse\'s Truth or Dare','Thriller'),('Traffik','Thriller'),('Traffik','Action'),('A Quiet Place','Horror'),('A Quiet Place','Thriller'),('Black Panther','Action'),('Black Panther','Adventure'),('Black Panther','Fantasy'),('I Feel Pretty','Comedy'),('Super Troopers 2','Comedy'),('Rampage 3D','Action'),('Rampage 3D','Adventure'),('Rampage 3D','Science fiction'),('Avengers: Infinity War','Action'),('Avengers: Infinity War','Adventure'),('Avengers: Infinity War','Fantasy'),('Avengers: Infinity War','Science fiction'),('Blumhouse\'s Truth or Dare','Horror'),('Blumhouse\'s Truth or Dare','Thriller'),('I Feel Pretty','Comedy'),('A Quiet Place','Horror'),('A Quiet Place','Thriller'),('Super Troopers 2','Comedy'),('Chappaquiddick','Historical drama'),('Chappaquiddick','Thriller'),('You Were Never Really Here','Thriller'),('You Were Never Really Here','Drama'),('Avengers: Infinity War 3D','Action'),('Avengers: Infinity War 3D','Adventure'),('Avengers: Infinity War 3D','Fantasy'),('Avengers: Infinity War 3D','Science fiction'),('Traffik','Thriller'),('Traffik','Action'),('Avengers: Infinity War -- An IMAX 3D Experience','Action'),('Avengers: Infinity War -- An IMAX 3D Experience','Adventure'),('Avengers: Infinity War -- An IMAX 3D Experience','Fantasy'),('Avengers: Infinity War -- An IMAX 3D Experience','Science fiction'),('Blockers','Comedy'),('Ready Player One','Science fiction'),('Ready Player One','Fantasy'),('Ready Player One','Adventure'),('Ready Player One','Action'),('Rampage','Action'),('Rampage','Adventure'),('Rampage','Science fiction'),('Black Panther','Action'),('Black Panther','Adventure'),('Black Panther','Fantasy'),('Ready Player One 3D','Science fiction'),('Ready Player One 3D','Fantasy'),('Ready Player One 3D','Adventure'),('Ready Player One 3D','Action'),('Rampage 3D','Action'),('Rampage 3D','Adventure'),('Rampage 3D','Science fiction'),('Labyrinth','Fantasy'),('A Quiet Place','Horror'),('A Quiet Place','Thriller'),('Avengers: Infinity War','Action'),('Avengers: Infinity War','Adventure'),('Avengers: Infinity War','Fantasy'),('Avengers: Infinity War','Science fiction'),('I Feel Pretty','Comedy'),('Rampage','Action'),('Rampage','Adventure'),('Rampage','Science fiction'),('Avengers: Infinity War 3D','Action'),('Avengers: Infinity War 3D','Adventure'),('Avengers: Infinity War 3D','Fantasy'),('Avengers: Infinity War 3D','Science fiction'),('Blumhouse\'s Truth or Dare','Horror'),('Blumhouse\'s Truth or Dare','Thriller'),('Traffik','Thriller'),('Traffik','Action'),('Ready Player One','Science fiction'),('Ready Player One','Fantasy'),('Ready Player One','Adventure'),('Ready Player One','Action'),('Kings','Drama'),('Super Troopers 2','Comedy'),('Avengers: Infinity War -- The IMAX 2D Experience','Action'),('Avengers: Infinity War -- The IMAX 2D Experience','Adventure'),('Avengers: Infinity War -- The IMAX 2D Experience','Fantasy'),('Avengers: Infinity War -- The IMAX 2D Experience','Science fiction'),('Blockers','Comedy'),('Black Panther','Action'),('Black Panther','Adventure'),('Black Panther','Fantasy'),('Acrimony','Thriller'),('Acrimony','Drama'),('Rampage 3D','Action'),('Rampage 3D','Adventure'),('Rampage 3D','Science fiction'),('Like Arrows',NULL),('Labyrinth','Fantasy'),('I Can Only Imagine','Biography'),('I Can Only Imagine','Drama'),('I Can Only Imagine','Music'),('A Quiet Place','Horror'),('A Quiet Place','Thriller'),('Avengers: Infinity War','Action'),('Avengers: Infinity War','Adventure'),('Avengers: Infinity War','Fantasy'),('Avengers: Infinity War','Science fiction'),('I Feel Pretty','Comedy'),('Rampage','Action'),('Rampage','Adventure'),('Rampage','Science fiction'),('Avengers: Infinity War 3D','Action'),('Avengers: Infinity War 3D','Adventure'),('Avengers: Infinity War 3D','Fantasy'),('Avengers: Infinity War 3D','Science fiction'),('Blumhouse\'s Truth or Dare','Horror'),('Blumhouse\'s Truth or Dare','Thriller'),('Traffik','Thriller'),('Traffik','Action'),('Ready Player One','Science fiction'),('Ready Player One','Fantasy'),('Ready Player One','Adventure'),('Ready Player One','Action'),('Super Troopers 2','Comedy'),('Kings','Drama'),('Avengers: Infinity War -- The IMAX 2D Experience','Action'),('Avengers: Infinity War -- The IMAX 2D Experience','Adventure'),('Avengers: Infinity War -- The IMAX 2D Experience','Fantasy'),('Avengers: Infinity War -- The IMAX 2D Experience','Science fiction'),('Blockers','Comedy'),('Black Panther','Action'),('Black Panther','Adventure'),('Black Panther','Fantasy'),('The Metropolitan Opera: Cendrillon Encore',NULL),('Rampage 3D','Action'),('Rampage 3D','Adventure'),('Rampage 3D','Science fiction'),('Labyrinth','Fantasy'),('Acrimony','Thriller'),('Acrimony','Drama'),('I Can Only Imagine','Biography'),('I Can Only Imagine','Drama'),('I Can Only Imagine','Music'),('I Feel Pretty','Comedy'),('Avengers: Infinity War','Action'),('Avengers: Infinity War','Adventure'),('Avengers: Infinity War','Fantasy'),('Avengers: Infinity War','Science fiction'),('A Quiet Place','Horror'),('A Quiet Place','Thriller'),('Rampage','Action'),('Rampage','Adventure'),('Rampage','Science fiction'),('Avengers: Infinity War 3D','Action'),('Avengers: Infinity War 3D','Adventure'),('Avengers: Infinity War 3D','Fantasy'),('Avengers: Infinity War 3D','Science fiction'),('Blumhouse\'s Truth or Dare','Horror'),('Blumhouse\'s Truth or Dare','Thriller'),('Traffik','Thriller'),('Traffik','Action'),('Avengers: Infinity War -- The IMAX 2D Experience','Action'),('Avengers: Infinity War -- The IMAX 2D Experience','Adventure'),('Avengers: Infinity War -- The IMAX 2D Experience','Fantasy'),('Avengers: Infinity War -- The IMAX 2D Experience','Science fiction'),('Like Arrows',NULL),('Bad Samaritan','Thriller'),('Blockers','Comedy'),('Tully','Comedy'),('I Can Only Imagine','Biography'),('I Can Only Imagine','Drama'),('I Can Only Imagine','Music'),('Avengers: Infinity War','Action'),('Avengers: Infinity War','Adventure'),('Avengers: Infinity War','Fantasy'),('Avengers: Infinity War','Science fiction'),('Tully','Comedy'),('Avengers: Infinity War 3D','Action'),('Avengers: Infinity War 3D','Adventure'),('Avengers: Infinity War 3D','Fantasy'),('Avengers: Infinity War 3D','Science fiction'),('Rampage','Action'),('Rampage','Adventure'),('Rampage','Science fiction'),('Overboard','Romantic comedy'),('Bad Samaritan','Thriller'),('A Quiet Place','Horror'),('A Quiet Place','Thriller'),('Avengers: Infinity War -- The IMAX 2D Experience','Action'),('Avengers: Infinity War -- The IMAX 2D Experience','Adventure'),('Avengers: Infinity War -- The IMAX 2D Experience','Fantasy'),('Avengers: Infinity War -- The IMAX 2D Experience','Science fiction'),('Alex & the List','Romantic comedy'),('I Can Only Imagine','Biography'),('I Can Only Imagine','Drama'),('I Can Only Imagine','Music'),('I Feel Pretty','Comedy'),('Chappaquiddick','Historical drama'),('Chappaquiddick','Thriller'),('Avengers: Infinity War','Action'),('Avengers: Infinity War','Adventure'),('Avengers: Infinity War','Fantasy'),('Avengers: Infinity War','Science fiction'),('Tully','Comedy'),('Avengers: Infinity War 3D','Action'),('Avengers: Infinity War 3D','Adventure'),('Avengers: Infinity War 3D','Fantasy'),('Avengers: Infinity War 3D','Science fiction'),('Rampage','Action'),('Rampage','Adventure'),('Rampage','Science fiction'),('Overboard','Romantic comedy'),('Bad Samaritan','Thriller'),('A Quiet Place','Horror'),('A Quiet Place','Thriller'),('Avengers: Infinity War -- The IMAX 2D Experience','Action'),('Avengers: Infinity War -- The IMAX 2D Experience','Adventure'),('Avengers: Infinity War -- The IMAX 2D Experience','Fantasy'),('Avengers: Infinity War -- The IMAX 2D Experience','Science fiction'),('Alex & the List','Romantic comedy'),('I Can Only Imagine','Biography'),('I Can Only Imagine','Drama'),('I Can Only Imagine','Music'),('I Feel Pretty','Comedy'),('Chappaquiddick','Historical drama'),('Chappaquiddick','Thriller'),('Avengers: Infinity War','Action'),('Avengers: Infinity War','Adventure'),('Avengers: Infinity War','Fantasy'),('Avengers: Infinity War','Science fiction'),('Tully','Comedy'),('Avengers: Infinity War 3D','Action'),('Avengers: Infinity War 3D','Adventure'),('Avengers: Infinity War 3D','Fantasy'),('Avengers: Infinity War 3D','Science fiction'),('Rampage','Action'),('Rampage','Adventure'),('Rampage','Science fiction'),('Overboard','Romantic comedy'),('Bad Samaritan','Thriller'),('A Quiet Place','Horror'),('A Quiet Place','Thriller'),('Avengers: Infinity War -- The IMAX 2D Experience','Action'),('Avengers: Infinity War -- The IMAX 2D Experience','Adventure'),('Avengers: Infinity War -- The IMAX 2D Experience','Fantasy'),('Avengers: Infinity War -- The IMAX 2D Experience','Science fiction'),('Alex & the List','Romantic comedy'),('I Feel Pretty','Comedy'),('I Can Only Imagine','Biography'),('I Can Only Imagine','Drama'),('I Can Only Imagine','Music'),('I Feel Pretty','Comedy'),('Avengers: Infinity War','Action'),('Avengers: Infinity War','Adventure'),('Avengers: Infinity War','Fantasy'),('Avengers: Infinity War','Science fiction'),('A Quiet Place','Horror'),('A Quiet Place','Thriller'),('Rampage','Action'),('Rampage','Adventure'),('Rampage','Science fiction'),('Avengers: Infinity War -- The IMAX 2D Experience','Action'),('Avengers: Infinity War -- The IMAX 2D Experience','Adventure'),('Avengers: Infinity War -- The IMAX 2D Experience','Fantasy'),('Avengers: Infinity War -- The IMAX 2D Experience','Science fiction'),('Avengers: Infinity War 3D','Action'),('Avengers: Infinity War 3D','Adventure'),('Avengers: Infinity War 3D','Fantasy'),('Avengers: Infinity War 3D','Science fiction'),('Like Arrows',NULL),('Bad Samaritan','Thriller'),('Blumhouse\'s Truth or Dare','Horror'),('Blumhouse\'s Truth or Dare','Thriller'),('Traffik','Thriller'),('Traffik','Action'),('Blockers','Comedy'),('Avengers: Infinity War','Action'),('Avengers: Infinity War','Adventure'),('Avengers: Infinity War','Fantasy'),('Avengers: Infinity War','Science fiction'),('Bad Samaritan','Thriller'),('Avengers: Infinity War 3D','Action'),('Avengers: Infinity War 3D','Adventure'),('Avengers: Infinity War 3D','Fantasy'),('Avengers: Infinity War 3D','Science fiction'),('Avengers: Infinity War -- The IMAX 2D Experience','Action'),('Avengers: Infinity War -- The IMAX 2D Experience','Adventure'),('Avengers: Infinity War -- The IMAX 2D Experience','Fantasy'),('Avengers: Infinity War -- The IMAX 2D Experience','Science fiction'),('Tully','Comedy'),('Alex & the List','Romantic comedy'),('A Quiet Place','Horror'),('A Quiet Place','Thriller'),('A Quiet Place','Horror'),('A Quiet Place','Thriller'),('Avengers: Infinity War','Action'),('Avengers: Infinity War','Adventure'),('Avengers: Infinity War','Fantasy'),('Avengers: Infinity War','Science fiction'),('I Feel Pretty','Comedy'),('Rampage','Action'),('Rampage','Adventure'),('Rampage','Science fiction'),('Avengers: Infinity War 3D','Action'),('Avengers: Infinity War 3D','Adventure'),('Avengers: Infinity War 3D','Fantasy'),('Avengers: Infinity War 3D','Science fiction'),('Blumhouse\'s Truth or Dare','Horror'),('Blumhouse\'s Truth or Dare','Thriller'),('Traffik','Thriller'),('Traffik','Action'),('Ready Player One','Science fiction'),('Ready Player One','Fantasy'),('Ready Player One','Adventure'),('Ready Player One','Action'),('Super Troopers 2','Comedy'),('Kings','Drama'),('Avengers: Infinity War -- The IMAX 2D Experience','Action'),('Avengers: Infinity War -- The IMAX 2D Experience','Adventure'),('Avengers: Infinity War -- The IMAX 2D Experience','Fantasy'),('Avengers: Infinity War -- The IMAX 2D Experience','Science fiction'),('Blockers','Comedy'),('Black Panther','Action'),('Black Panther','Adventure'),('Black Panther','Fantasy'),('The Metropolitan Opera: Cendrillon Encore',NULL),('Rampage 3D','Action'),('Rampage 3D','Adventure'),('Rampage 3D','Science fiction'),('Labyrinth','Fantasy'),('Acrimony','Thriller'),('Acrimony','Drama'),('I Can Only Imagine','Biography'),('I Can Only Imagine','Drama'),('I Can Only Imagine','Music'),('I Feel Pretty','Comedy'),('Avengers: Infinity War','Action'),('Avengers: Infinity War','Adventure'),('Avengers: Infinity War','Fantasy'),('Avengers: Infinity War','Science fiction'),('A Quiet Place','Horror'),('A Quiet Place','Thriller'),('Rampage','Action'),('Rampage','Adventure'),('Rampage','Science fiction'),('Avengers: Infinity War 3D','Action'),('Avengers: Infinity War 3D','Adventure'),('Avengers: Infinity War 3D','Fantasy'),('Avengers: Infinity War 3D','Science fiction'),('Blumhouse\'s Truth or Dare','Horror'),('Blumhouse\'s Truth or Dare','Thriller'),('Traffik','Thriller'),('Traffik','Action'),('Avengers: Infinity War -- The IMAX 2D Experience','Action'),('Avengers: Infinity War -- The IMAX 2D Experience','Adventure'),('Avengers: Infinity War -- The IMAX 2D Experience','Fantasy'),('Avengers: Infinity War -- The IMAX 2D Experience','Science fiction'),('Like Arrows',NULL),('Bad Samaritan','Thriller'),('Blockers','Comedy'),('Tully','Comedy'),('I Can Only Imagine','Biography'),('I Can Only Imagine','Drama'),('I Can Only Imagine','Music'),('Avengers: Infinity War','Action'),('Avengers: Infinity War','Adventure'),('Avengers: Infinity War','Fantasy'),('Avengers: Infinity War','Science fiction'),('Tully','Comedy'),('Bad Samaritan','Thriller'),('Avengers: Infinity War 3D','Action'),('Avengers: Infinity War 3D','Adventure'),('Avengers: Infinity War 3D','Fantasy'),('Avengers: Infinity War 3D','Science fiction'),('Avengers: Infinity War -- The IMAX 2D Experience','Action'),('Avengers: Infinity War -- The IMAX 2D Experience','Adventure'),('Avengers: Infinity War -- The IMAX 2D Experience','Fantasy'),('Avengers: Infinity War -- The IMAX 2D Experience','Science fiction'),('Alex & the List','Romantic comedy'),('A Quiet Place','Horror'),('A Quiet Place','Thriller'),('Rampage','Action'),('Rampage','Adventure'),('Rampage','Science fiction'),('Overboard','Romantic comedy'),('Avengers: Infinity War','Action'),('Avengers: Infinity War','Adventure'),('Avengers: Infinity War','Fantasy'),('Avengers: Infinity War','Science fiction'),('Tully','Comedy'),('Bad Samaritan','Thriller'),('Avengers: Infinity War 3D','Action'),('Avengers: Infinity War 3D','Adventure'),('Avengers: Infinity War 3D','Fantasy'),('Avengers: Infinity War 3D','Science fiction'),('Avengers: Infinity War -- The IMAX 2D Experience','Action'),('Avengers: Infinity War -- The IMAX 2D Experience','Adventure'),('Avengers: Infinity War -- The IMAX 2D Experience','Fantasy'),('Avengers: Infinity War -- The IMAX 2D Experience','Science fiction'),('Rampage','Action'),('Rampage','Adventure'),('Rampage','Science fiction'),('Overboard','Romantic comedy'),('A Quiet Place','Horror'),('A Quiet Place','Thriller'),('Alex & the List','Romantic comedy'),('I Feel Pretty','Comedy'),('Avengers: Infinity War','Action'),('Avengers: Infinity War','Adventure'),('Avengers: Infinity War','Fantasy'),('Avengers: Infinity War','Science fiction'),('A Quiet Place','Horror'),('A Quiet Place','Thriller'),('Rampage','Action'),('Rampage','Adventure'),('Rampage','Science fiction'),('Avengers: Infinity War -- The IMAX 2D Experience','Action'),('Avengers: Infinity War -- The IMAX 2D Experience','Adventure'),('Avengers: Infinity War -- The IMAX 2D Experience','Fantasy'),('Avengers: Infinity War -- The IMAX 2D Experience','Science fiction'),('Avengers: Infinity War 3D','Action'),('Avengers: Infinity War 3D','Adventure'),('Avengers: Infinity War 3D','Fantasy'),('Avengers: Infinity War 3D','Science fiction'),('Like Arrows',NULL),('Bad Samaritan','Thriller'),('Blockers','Comedy'),('Blumhouse\'s Truth or Dare','Horror'),('Blumhouse\'s Truth or Dare','Thriller'),('Traffik','Thriller'),('Traffik','Action'),('Avengers: Infinity War','Action'),('Avengers: Infinity War','Adventure'),('Avengers: Infinity War','Fantasy'),('Avengers: Infinity War','Science fiction'),('Tully','Comedy'),('Bad Samaritan','Thriller'),('Avengers: Infinity War -- The IMAX 2D Experience','Action'),('Avengers: Infinity War -- The IMAX 2D Experience','Adventure'),('Avengers: Infinity War -- The IMAX 2D Experience','Fantasy'),('Avengers: Infinity War -- The IMAX 2D Experience','Science fiction'),('Avengers: Infinity War 3D','Action'),('Avengers: Infinity War 3D','Adventure'),('Avengers: Infinity War 3D','Fantasy'),('Avengers: Infinity War 3D','Science fiction'),('Alex & the List','Romantic comedy'),('A Quiet Place','Horror'),('A Quiet Place','Thriller'),('Isle of Dogs','Animated'),('Isle of Dogs','Comedy'),('Isle of Dogs','Adventure'),('Beirut','Thriller'),('Beirut','Drama'),('Chappaquiddick','Historical drama'),('Chappaquiddick','Thriller'),('Love After Love','Drama'),('Lean on Pete','Drama'),('The Death of Stalin','Dark comedy'),('You Were Never Really Here','Thriller'),('You Were Never Really Here','Drama'),('Rampage','Action'),('Rampage','Adventure'),('Rampage','Science fiction'),('Overboard','Romantic comedy'),('Avengers: Infinity War','Action'),('Avengers: Infinity War','Adventure'),('Avengers: Infinity War','Fantasy'),('Avengers: Infinity War','Science fiction'),('Tully','Comedy'),('Bad Samaritan','Thriller'),('Avengers: Infinity War 3D','Action'),('Avengers: Infinity War 3D','Adventure'),('Avengers: Infinity War 3D','Fantasy'),('Avengers: Infinity War 3D','Science fiction'),('Avengers: Infinity War -- The IMAX 2D Experience','Action'),('Avengers: Infinity War -- The IMAX 2D Experience','Adventure'),('Avengers: Infinity War -- The IMAX 2D Experience','Fantasy'),('Avengers: Infinity War -- The IMAX 2D Experience','Science fiction'),('Alex & the List','Romantic comedy'),('A Quiet Place','Horror'),('A Quiet Place','Thriller'),('Rampage','Action'),('Rampage','Adventure'),('Rampage','Science fiction'),('Overboard','Romantic comedy'),('Avengers: Infinity War 3D','Action'),('Avengers: Infinity War 3D','Adventure'),('Avengers: Infinity War 3D','Fantasy'),('Avengers: Infinity War 3D','Science fiction'),('Rampage','Action'),('Rampage','Adventure'),('Rampage','Science fiction'),('Blumhouse\'s Truth or Dare','Horror'),('Blumhouse\'s Truth or Dare','Thriller'),('Avengers: Infinity War','Action'),('Avengers: Infinity War','Adventure'),('Avengers: Infinity War','Fantasy'),('Avengers: Infinity War','Science fiction'),('Traffik','Thriller'),('Traffik','Action'),('A Quiet Place','Horror'),('A Quiet Place','Thriller'),('I Feel Pretty','Comedy'),('Avengers: Infinity War -- The IMAX 2D Experience','Action'),('Avengers: Infinity War -- The IMAX 2D Experience','Adventure'),('Avengers: Infinity War -- The IMAX 2D Experience','Fantasy'),('Avengers: Infinity War -- The IMAX 2D Experience','Science fiction'),('Like Arrows',NULL),('Bad Samaritan','Thriller'),('Tully','Comedy'),('I Can Only Imagine','Biography'),('I Can Only Imagine','Drama'),('I Can Only Imagine','Music'),('Blockers','Comedy'),('Avengers: Infinity War','Action'),('Avengers: Infinity War','Adventure'),('Avengers: Infinity War','Fantasy'),('Avengers: Infinity War','Science fiction'),('A Quiet Place','Horror'),('A Quiet Place','Thriller'),('Tully','Comedy'),('Avengers: Infinity War 3D','Action'),('Avengers: Infinity War 3D','Adventure'),('Avengers: Infinity War 3D','Fantasy'),('Avengers: Infinity War 3D','Science fiction'),('Overboard','Romantic comedy'),('I Feel Pretty','Comedy'),('Ready Player One','Science fiction'),('Ready Player One','Fantasy'),('Ready Player One','Adventure'),('Ready Player One','Action'),('Rampage','Action'),('Rampage','Adventure'),('Rampage','Science fiction'),('Traffik','Thriller'),('Traffik','Action'),('Black Panther','Action'),('Black Panther','Adventure'),('Black Panther','Fantasy'),('Chappaquiddick','Historical drama'),('Chappaquiddick','Thriller'),('Tyler Perry\'s Acrimony','Thriller'),('Tyler Perry\'s Acrimony','Drama'),('Love, Simon','Romantic comedy'),('Isle of Dogs','Animated'),('Isle of Dogs','Comedy'),('Isle of Dogs','Adventure'),('The Death of Stalin','Dark comedy'),('Super Troopers 2','Comedy'),('Bad Samaritan','Thriller'),('Avengers: Infinity War 3D','Action'),('Avengers: Infinity War 3D','Adventure'),('Avengers: Infinity War 3D','Fantasy'),('Avengers: Infinity War 3D','Science fiction'),('Rampage','Action'),('Rampage','Adventure'),('Rampage','Science fiction'),('Super Troopers 2','Comedy'),('Avengers: Infinity War','Action'),('Avengers: Infinity War','Adventure'),('Avengers: Infinity War','Fantasy'),('Avengers: Infinity War','Science fiction'),('I Feel Pretty','Comedy'),('A Quiet Place','Horror'),('A Quiet Place','Thriller'),('Ready Player One','Science fiction'),('Ready Player One','Fantasy'),('Ready Player One','Adventure'),('Ready Player One','Action'),('Rampage 3D','Action'),('Rampage 3D','Adventure'),('Rampage 3D','Science fiction'),('Traffik','Thriller'),('Traffik','Action'),('Tully','Comedy'),('Overboard','Romantic comedy'),('Black Panther','Action'),('Black Panther','Adventure'),('Black Panther','Fantasy'),('Chappaquiddick','Historical drama'),('Chappaquiddick','Thriller'),('A Wrinkle in Time','Fantasy'),('A Wrinkle in Time','Adventure'),('A Wrinkle in Time','Science fiction'),('A Wrinkle in Time','Children'),('Blumhouse\'s Truth or Dare','Horror'),('Blumhouse\'s Truth or Dare','Thriller'),('Tyler Perry\'s Acrimony','Thriller'),('Tyler Perry\'s Acrimony','Drama'),('Lean on Pete','Drama'),('Isle of Dogs','Animated'),('Isle of Dogs','Comedy'),('Isle of Dogs','Adventure'),('Beirut','Thriller'),('Beirut','Drama'),('Like Arrows',NULL),('Love, Simon','Romantic comedy'),('Bad Samaritan','Thriller');
/*!40000 ALTER TABLE `movie_genre` ENABLE KEYS */;
UNLOCK TABLES;

--
-- Table structure for table `movie_info`
--

DROP TABLE IF EXISTS `movie_info`;
/*!40101 SET @saved_cs_client     = @@character_set_client */;
/*!40101 SET character_set_client = utf8 */;
CREATE TABLE `movie_info` (
  `title` varchar(60) NOT NULL,
  `photo` varchar(300) DEFAULT NULL,
  `release_date` varchar(10) DEFAULT NULL,
  `mpaa` varchar(6) DEFAULT NULL,
  `hours` varchar(3) DEFAULT NULL,
  `mins` varchar(3) DEFAULT NULL,
  `description` mediumtext,
  PRIMARY KEY (`title`)
) ENGINE=InnoDB DEFAULT CHARSET=latin1;
/*!40101 SET character_set_client = @saved_cs_client */;

--
-- Dumping data for table `movie_info`
--

LOCK TABLES `movie_info` WRITE;
/*!40000 ALTER TABLE `movie_info` DISABLE KEYS */;
INSERT INTO `movie_info` VALUES ('A Bag of Marbles','http://developer.tmsimg.com/assets/p14247664_i_v5_aa.jpg?api_key=54jmnjmpmgek7ydjy7984zxq','2017-01-15',NULL,'01H','50M','A Jewish kid and his brother escape from the Nazis in occupied France.'),('A Fantastic Woman','http://developer.tmsimg.com/assets/p14534644_v_v5_ae.jpg?api_key=54jmnjmpmgek7ydjy7984zxq','2017-02-11','R','01H','43M','From the producers of Jackie, Spotlight and Toni Erdmann.'),('A Night of Comedy Shorts','http://developer.tmsimg.com/tvbanners/generic/generic_tvbanners_v5.png?api_key=54jmnjmpmgek7ydjy7984zxq',NULL,NULL,'','',''),('A Quiet Place','http://developer.tmsimg.com/assets/p14660087_p_v5_aa.jpg?api_key=54jmnjmpmgek7ydjy7984zxq','2018-03-09','PG-13','01H','35M','In upstate New York, a couple and their two children must remain silent in their isolated farmhouse to avoid mysterious creatures that use sound to hunt their prey. Using sign language and eye contact to communicate, the family members must rely on one another -- and their wits -- to live to see the next day.'),('A Summer Place','http://developer.tmsimg.com/assets/p2111_v_v5_aa.jpg?api_key=54jmnjmpmgek7ydjy7984zxq','1959-10-22',NULL,'02H','10M','The big-screen adaptation of Sloan Wilson\'s popular novel follows wealthy Ken Jorgenson (Richard Egan) as he brings his wife (Constance Ford) and teenage daughter, Molly (Sandra Dee), to the Maine vacation spot where he worked as a middle-class youth. When Ken reunites with his former flame, the now-married Sylvia (Dorothy McGuire), it sparks a passionate tryst. Meanwhile, Sylvia\'s son, Johnny (Troy Donahue), and Molly begin a romance of their own, unaware of their parents\' affair.'),('A Wrinkle in Time','http://developer.tmsimg.com/assets/p14085794_v_v5_af.jpg?api_key=54jmnjmpmgek7ydjy7984zxq','2018-03-09','PG','01H','49M','Meg Murry and her little brother, Charles Wallace, have been without their scientist father, Mr. Murry, for five years, ever since he discovered a new planet and used the concept known as a tesseract to travel there. Joined by Meg\'s classmate Calvin O\'Keefe and guided by the three mysterious astral travelers known as Mrs. Whatsit, Mrs. Who and Mrs. Which, the children brave a dangerous journey to a planet that possesses all of the evil in the universe.'),('Acrimony','http://developer.tmsimg.com/assets/p14289024_v_v5_aa.jpg?api_key=54jmnjmpmgek7ydjy7984zxq','2018-03-30','R','02H','00M','When Melinda met Robert, she was skeptical of his charming nature but couldn\'t deny how attracted she was to him. Once they fell in love, Melinda molded herself into everything he wanted her to be. She sacrificed for him, worked to support his grandiose dreams, and put up with him for better or for worse. Then, one day she realized that after all she had done, another woman was reaping the lavish rewards. That\'s when Melinda lost it, and now she cannot let it go.'),('After Auschwitz','http://developer.tmsimg.com/assets/p14076494_p_v5_aa.jpg?api_key=54jmnjmpmgek7ydjy7984zxq','2017',NULL,'01H','23M','Hoping to find a sense of normalcy, six female Holocaust survivors immigrate to America, get married and raise children.'),('Alex & the List','http://developer.tmsimg.com/assets/p15369560_v_v5_aa.jpg?api_key=54jmnjmpmgek7ydjy7984zxq','2018-05-04',NULL,'01H','53M','Alex\'s beautiful girlfriend gives him a list of changes to make before he can win her hand in marriage. He must now figure out how to complete the list, fend off a suave competitor and secure her love.'),('Amazon Adventure','http://developer.tmsimg.com/tvbanners/generic/generic_tvbanners_v5.png?api_key=54jmnjmpmgek7ydjy7984zxq','2017-04-18',NULL,'00H','45M','A true story of scientific discovery.'),('Amazon Adventure 3D','http://developer.tmsimg.com/tvbanners/generic/generic_tvbanners_v5.png?api_key=54jmnjmpmgek7ydjy7984zxq','2017-04-18',NULL,'00H','45M','A true story of scientific discovery.'),('An Evening With Brent Green','http://developer.tmsimg.com/tvbanners/generic/generic_tvbanners_v5.png?api_key=54jmnjmpmgek7ydjy7984zxq',NULL,NULL,'','',''),('Annihilation','http://developer.tmsimg.com/assets/p14433008_p_v5_aa.jpg?api_key=54jmnjmpmgek7ydjy7984zxq','2018-02-23','R','01H','55M','Lena, a biologist and former soldier, joins a mission to uncover what happened to her husband inside Area X -- a sinister and mysterious phenomenon that is expanding across the American coastline. Once inside, the expedition discovers a world of mutated landscapes and creatures, as dangerous as it is beautiful, that threatens both their lives and their sanity.'),('Au Hasard Balthazar','http://developer.tmsimg.com/assets/p22838_v_v5_aa.jpg?api_key=54jmnjmpmgek7ydjy7984zxq','1966-10-01',NULL,'01H','30M','Un âne est entouré d\'amour et de misère.'),('Avengers: Infinity War','http://developer.tmsimg.com/assets/p12863030_v_v5_ab.jpg?api_key=54jmnjmpmgek7ydjy7984zxq','2018-04-27','PG-13','02H','29M','Iron Man, Thor, the Hulk and the rest of the Avengers unite to battle their most powerful enemy yet -- the evil Thanos. On a mission to collect all six Infinity Stones, Thanos plans to use the artifacts to inflict his twisted will on reality. The fate of the planet and existence itself has never been more uncertain as everything the Avengers have fought for has led up to this moment.'),('Avengers: Infinity War -- An IMAX 3D Experience','http://developer.tmsimg.com/assets/p12863030_p_v5_ab.jpg?api_key=54jmnjmpmgek7ydjy7984zxq','2018-04-27','PG-13','02H','29M','Iron Man, Thor, the Hulk and the rest of the Avengers unite to battle their most powerful enemy yet -- the evil Thanos. On a mission to collect all six Infinity Stones, Thanos plans to use the artifacts to inflict his twisted will on reality. The fate of the planet and existence itself has never been more uncertain as everything the Avengers have fought for has led up to this moment.'),('Avengers: Infinity War -- The IMAX 2D Experience','http://developer.tmsimg.com/assets/p12863030_p_v5_ab.jpg?api_key=54jmnjmpmgek7ydjy7984zxq','2018-04-27','PG-13','02H','29M','Iron Man, Thor, the Hulk and the rest of the Avengers unite to battle their most powerful enemy yet -- the evil Thanos. On a mission to collect all six Infinity Stones, Thanos plans to use the artifacts to inflict his twisted will on reality. The fate of the planet and existence itself has never been more uncertain as everything the Avengers have fought for has led up to this moment.'),('Avengers: Infinity War 3D','http://developer.tmsimg.com/assets/p12863030_p_v5_ab.jpg?api_key=54jmnjmpmgek7ydjy7984zxq','2018-04-27','PG-13','02H','29M','Iron Man, Thor, the Hulk and the rest of the Avengers unite to battle their most powerful enemy yet -- the evil Thanos. On a mission to collect all six Infinity Stones, Thanos plans to use the artifacts to inflict his twisted will on reality. The fate of the planet and existence itself has never been more uncertain as everything the Avengers have fought for has led up to this moment.'),('Baaghi 2','http://developer.tmsimg.com/assets/p15215156_p_v5_aa.jpg?api_key=54jmnjmpmgek7ydjy7984zxq','2018-03-30',NULL,'02H','17M','A battle-hardened army officer squares off against drug lords and Russian henchmen to save his ex-lover\'s kidnapped daughter in the underbelly of Goa, India.'),('Bad Samaritan','http://developer.tmsimg.com/tvbanners/generic/generic_tvbanners_v5.png?api_key=54jmnjmpmgek7ydjy7984zxq','2018-05-04','R','01H','47M','A young valet breaks into a man\'s home and discovers a terrified woman who\'s chained and gagged. After notifying the police, he soon becomes the target of the psychopath\'s wrath as he tries to rescue the victim that he left behind.'),('Ballad of Orin','http://developer.tmsimg.com/tvbanners/generic/generic_tvbanners_v5.png?api_key=54jmnjmpmgek7ydjy7984zxq','1977',NULL,'01H','49M','A blind traveling musician is abused and oppressed while she tours the country, even though the modern world imposes changes on people\'s behavior.'),('Beirut','http://developer.tmsimg.com/assets/p14757770_p_v5_aa.jpg?api_key=54jmnjmpmgek7ydjy7984zxq','2018-01-22','R','01H','49M','In 1980s Beirut, Mason Skiles is a former U.S. diplomat who is called back into service to save a colleague from the group that is possibly responsible for his own family\'s death. Meanwhile, a CIA field agent who is working under cover at the American embassy is tasked with keeping Mason alive and ensuring that the mission is a success.'),('Beyond the Clouds','http://developer.tmsimg.com/tvbanners/generic/generic_tvbanners_v5.png?api_key=54jmnjmpmgek7ydjy7984zxq','2017-10-13',NULL,'02H','00M','After a hedonistic teenager in Mumbai gets busted for dealing drugs, he moves in with his estranged sister.'),('Bharat Ane Nenu','http://developer.tmsimg.com/tvbanners/generic/generic_tvbanners_v5.png?api_key=54jmnjmpmgek7ydjy7984zxq','2018-04-19',NULL,'02H','53M',''),('Bhaskar Oru Rascal','http://developer.tmsimg.com/tvbanners/generic/generic_tvbanners_v5.png?api_key=54jmnjmpmgek7ydjy7984zxq','2018',NULL,'02H','32M',''),('Black Panther','http://developer.tmsimg.com/assets/p12878741_v_v5_ac.jpg?api_key=54jmnjmpmgek7ydjy7984zxq','2018-02-16','PG-13','02H','14M','After the death of his father, T\'Challa returns home to the African nation of Wakanda to take his rightful place as king. When a powerful enemy suddenly reappears, T\'Challa\'s mettle as king -- and as Black Panther -- gets tested when he\'s drawn into a conflict that puts the fate of Wakanda and the entire world at risk. Faced with treachery and danger, the young king must rally his allies and release the full power of Black Panther to defeat his foes and secure the safety of his people.'),('Black Panther 3D','http://developer.tmsimg.com/assets/p12878741_p_v5_ad.jpg?api_key=54jmnjmpmgek7ydjy7984zxq','2018-02-16','PG-13','02H','14M','After the death of his father, T\'Challa returns home to the African nation of Wakanda to take his rightful place as king. When a powerful enemy suddenly reappears, T\'Challa\'s mettle as king -- and as Black Panther -- gets tested when he\'s drawn into a conflict that puts the fate of Wakanda and the entire world at risk. Faced with treachery and danger, the young king must rally his allies and release the full power of Black Panther to defeat his foes and secure the safety of his people.'),('Blackmail','http://developer.tmsimg.com/tvbanners/generic/generic_tvbanners_v5.png?api_key=54jmnjmpmgek7ydjy7984zxq','2018','','','','A man secretly blackmails his wife and her lover when he discovers the affair.'),('Blockers','http://developer.tmsimg.com/assets/p14659754_p_v5_ab.jpg?api_key=54jmnjmpmgek7ydjy7984zxq','2018-03-10','R','01H','42M','Julie, Kayla and Sam are three high school seniors who make a pact to lose their virginity on prom night. Lisa, Mitchell and Hunter are three overprotective parents who flip out when they find out about their daughters\' plans. They soon join forces for a wild and chaotic quest to stop the girls from sealing the deal -- no matter what the cost.'),('Blumhouse\'s Truth or Dare','http://developer.tmsimg.com/assets/p14814469_p_v5_aa.jpg?api_key=54jmnjmpmgek7ydjy7984zxq','2018-04-13','PG-13','01H','40M','Olivia, Lucas and a group of their college friends travel to Mexico for one last getaway before graduation. While there, a stranger convinces one of the students to play a seemingly harmless game of truth or dare with the others. Once the game starts, it awakens something evil -- a demon which forces the friends to share dark secrets and confront their deepest fears. The rules are simple but wicked -- tell the truth or die, do the dare or die, and if you stop playing, you die.'),('Borg vs. McEnroe','http://developer.tmsimg.com/assets/p13776100_v_v5_ay.jpg?api_key=54jmnjmpmgek7ydjy7984zxq','2017-09-07','R','01H','48M','The story of the rivalry between two 1980s tennis stars, the placid Björn Borg and the volatile John McEnroe.'),('Braguino','http://developer.tmsimg.com/tvbanners/generic/generic_tvbanners_v5.png?api_key=54jmnjmpmgek7ydjy7984zxq','2017',NULL,'00H','49M','A feud develops between two families in the Siberian forest.'),('Cake','http://developer.tmsimg.com/assets/p15219338_v_v5_aa.jpg?api_key=54jmnjmpmgek7ydjy7984zxq','2018',NULL,'02H','05M',''),('Call Me by Your Name','http://developer.tmsimg.com/assets/p14169043_v_v5_ao.jpg?api_key=54jmnjmpmgek7ydjy7984zxq','2017-01-22','R','02H','12M','It\'s the summer of 1983, and precocious 17-year-old Elio Perlman is spending the days with his family at their 17th-century villa in Lombardy, Italy. He soon meets Oliver, a handsome doctoral student who\'s working as an intern for Elio\'s father. Amid the sun-drenched splendor of their surroundings, Elio and Oliver discover the heady beauty of awakening desire over the course of a summer that will alter their lives forever.'),('Chappaquiddick','http://developer.tmsimg.com/assets/p14580275_v_v5_aa.jpg?api_key=54jmnjmpmgek7ydjy7984zxq','2017-09-10','PG-13','01H','41M','On July 18, 1969, Sen. Ted Kennedy drives his car off of a bridge on Massachusetts\' Chappaquiddick Island. The accident results in the death of passenger Mary Jo Kopechne, a 28-year-old campaign strategist who worked for Kennedy. The ongoing investigation into the mysterious and scandalous events forever alters Kennedy\'s political legacy -- and ultimately changes the course of presidential history.'),('Cobra Kai Premiere Event Feat. The Karate Kid','http://developer.tmsimg.com/tvbanners/generic/generic_tvbanners_v5.png?api_key=54jmnjmpmgek7ydjy7984zxq','','','02H','45M','Ralph Macchio, Noriyuki \"Pat\" Morita and Elisabeth Shue star in the classic 1984 film \"The Karate Kid\"; includes the premiere of the first two episodes of the related series \"Cobra Kai,\" featuring the return of Macchio and actor William Zabka.'),('Corbin Nash','http://developer.tmsimg.com/assets/p15213356_v_v5_aa.jpg?api_key=54jmnjmpmgek7ydjy7984zxq','2018-04-20','','01H','34M','A New York City cop transfers to Los Angeles to hunt for his parents\' killer. Once there, he\'s brutally murdered and returns to life as the ultimate killer.'),('Disobedience','http://developer.tmsimg.com/assets/p14781041_v_v5_aa.jpg?api_key=54jmnjmpmgek7ydjy7984zxq','2017-09-10','R','01H','54M','Photographer Ronit Krushka returns to the community that shunned her decades earlier for her childhood attraction to a female friend. Their reunion soon reignites their passion as they explore the boundaries of faith and sexuality.'),('Diya','http://developer.tmsimg.com/tvbanners/generic/generic_tvbanners_v5.png?api_key=54jmnjmpmgek7ydjy7984zxq','2018',NULL,'02H','20M',''),('Dude\'s Manual','http://developer.tmsimg.com/tvbanners/generic/generic_tvbanners_v5.png?api_key=54jmnjmpmgek7ydjy7984zxq',NULL,NULL,'','',''),('Faces Places','http://developer.tmsimg.com/assets/p14554158_v_v5_ac.jpg?api_key=54jmnjmpmgek7ydjy7984zxq','2017-05-19','PG','01H','29M','Director Agnès Varda and photographer and muralist JR journey through rural France and form an unlikely friendship.'),('Final Portrait','http://developer.tmsimg.com/assets/p14347252_v_v5_ah.jpg?api_key=54jmnjmpmgek7ydjy7984zxq','2017','R','01H','30M','In 1964, artist Alberto Giacometti asked writer James Lord to sit for a portrait. He said it would take only one day.'),('Finding Your Feet','http://developer.tmsimg.com/assets/p15000428_v_v5_aa.jpg?api_key=54jmnjmpmgek7ydjy7984zxq','2017-11-24','PG-13','01H','51M','When \"Lady\" Sandra Abbott discovers that her husband of 40 years is having an affair with her best friend, she seeks refuge in London with her estranged, older sister Bif. The two could not be more different - Sandra is a fish out of water next to her outspoken, serial dating, free-spirited sibling. But different is just what Sandra needs at the moment, and she reluctantly lets Bif drag her along to a community dance class, where she starts finding her feet.'),('Ghost Stories','http://developer.tmsimg.com/assets/p15305825_v_v5_aa.jpg?api_key=54jmnjmpmgek7ydjy7984zxq','2017-10-05',NULL,'01H','37M','Professor Phillip Goodman devotes his life to exposing phony psychics and fraudulent supernatural shenanigans. His skepticism soon gets put to the test when he receives news of three chilling and inexplicable cases -- disturbing visions in an abandoned asylum, a car accident deep in the woods and the spirit of an unborn child. Even scarier -- each of the macabre stories seems to have a sinister connection to the professor\'s own life.'),('Godard Mon Amour','http://developer.tmsimg.com/assets/p14840253_i_v5_aa.jpg?api_key=54jmnjmpmgek7ydjy7984zxq','2017-05-21','R','01H','47M','During the making of one of his films, French film director Jean-Luc Godard falls in love with 17-year-old actress Anne Wiazemsky and later marries her.'),('Godard, mon amour','http://developer.tmsimg.com/assets/p14840253_i_v5_aa.jpg?api_key=54jmnjmpmgek7ydjy7984zxq','2017-05-21','R','01H','47M',''),('Gonjiam: Haunted Asylum','http://developer.tmsimg.com/assets/p15288125_p_v5_aa.jpg?api_key=54jmnjmpmgek7ydjy7984zxq','2018-04-13',NULL,'01H','33M','The crew of a horror web series travels to an abandoned asylum for a live broadcast. It soon encounters much more than expected as it moves deeper inside the nightmarish old building.'),('Grace Jones: Bloodlight and Bami','http://developer.tmsimg.com/assets/p15047130_v_v5_aa.jpg?api_key=54jmnjmpmgek7ydjy7984zxq','2017-09-07',NULL,'01H','56M','Electrifying concert performances and intimate, personal footage showcase the life and talent of singer and actress Grace Jones.'),('Hitler\'s Hollywood','http://developer.tmsimg.com/assets/p13922929_i_v5_aa.jpg?api_key=54jmnjmpmgek7ydjy7984zxq','2017-10-07',NULL,'01H','45M','Narrated by Udo Kier. A film by Rüdiger Suchsland, maker of From Caligari to Hitler.'),('I Can Only Imagine','http://developer.tmsimg.com/assets/p14462292_v_v5_aa.jpg?api_key=54jmnjmpmgek7ydjy7984zxq','2018-03-16','PG','01H','50M','Growing up in Greenville, Texas, Bart Millard suffers physical and emotional abuse at the hands of his father, Arthur. When Arthur becomes terminally ill, he finds redemption by embracing his faith and rediscovering his love for his son. Years later, Bart\'s troubled childhood and mended relationship with his dad inspires him to write the hit song \"I Can Only Imagine\" as singer of the Christian band MercyMe.'),('I Feel Pretty','http://developer.tmsimg.com/assets/p14992717_p_v5_aa.jpg?api_key=54jmnjmpmgek7ydjy7984zxq','2018-04-20','PG-13','01H','50M','An ordinary woman who struggles with feelings of insecurity and inadequacy on a daily basis wakes from a fall believing she is suddenly the most beautiful and capable woman on the planet. With this newfound confidence, she is empowered to live her life fearlessly and flawlessly, but what will happen when she realizes her appearance never changed?'),('IMAX VR: Eagle Flight Multiplayer','http://developer.tmsimg.com/tvbanners/generic/generic_tvbanners_v5.png?api_key=54jmnjmpmgek7ydjy7984zxq',NULL,NULL,'','',''),('IMAX VR: Justice League VR: Aquaman, Batman, Superman','http://developer.tmsimg.com/tvbanners/generic/generic_tvbanners_v5.png?api_key=54jmnjmpmgek7ydjy7984zxq',NULL,NULL,'','',''),('IMAX VR: Nickelodeon Slime Zone','http://developer.tmsimg.com/tvbanners/generic/generic_tvbanners_v5.png?api_key=54jmnjmpmgek7ydjy7984zxq',NULL,NULL,'','',''),('IMAX VR: Raw Data Multiplayer','http://developer.tmsimg.com/tvbanners/generic/generic_tvbanners_v5.png?api_key=54jmnjmpmgek7ydjy7984zxq',NULL,NULL,'','',''),('IMAX VR: Richie\'s Plank Experience','http://developer.tmsimg.com/tvbanners/generic/generic_tvbanners_v5.png?api_key=54jmnjmpmgek7ydjy7984zxq',NULL,NULL,'','',''),('IMAX VR: Space Flight: Orbital Emergency','http://developer.tmsimg.com/tvbanners/generic/generic_tvbanners_v5.png?api_key=54jmnjmpmgek7ydjy7984zxq',NULL,NULL,'','',''),('IMAX VR: Star Trek Bridge Crew','http://developer.tmsimg.com/tvbanners/generic/generic_tvbanners_v5.png?api_key=54jmnjmpmgek7ydjy7984zxq',NULL,NULL,'','',''),('IMAX VR: The Unspoken','http://developer.tmsimg.com/tvbanners/generic/generic_tvbanners_v5.png?api_key=54jmnjmpmgek7ydjy7984zxq',NULL,NULL,'','',''),('Isle of Dogs','http://developer.tmsimg.com/assets/p14551155_v_v5_aa.jpg?api_key=54jmnjmpmgek7ydjy7984zxq','2018-02-15','PG-13','01H','41M','When, by executive decree, all the canine pets of Megasaki City are exiled to a vast garbage-dump called Trash Island, 12-year-old Atari sets off alone in a miniature Junior-Turbo Prop and flies across the river in search of his bodyguard-dog, Spots. There, with the assistance of a pack of newly-found mongrel friends, he begins an epic journey that will decide the fate and future of the entire Prefecture.'),('Ismael\'s Ghosts','http://developer.tmsimg.com/assets/p14760102_v_v5_ab.jpg?api_key=54jmnjmpmgek7ydjy7984zxq','2017','R','01H','54M','Twenty-one years ago, she ran away -- and 21 years later, Carlotta is back from the void. But Ismael has been busy rebuilding a life for himself with Sylvia and working on his next movie. As Ismael\'s trials and tribulations unfurl, so too do those of his film\'s protagonist -- the idle, funny and reckless diplomat Ivan Dédalus.'),('Itzhak','http://developer.tmsimg.com/assets/p14995769_p_v5_aa.jpg?api_key=54jmnjmpmgek7ydjy7984zxq','2017-10-05',NULL,'01H','23M','The life and music of Israeli conductor and musician Itzhak Perlman.'),('Jeannette: The Childhood of Joan of Arc','http://developer.tmsimg.com/assets/p14447360_i_v5_aa.jpg?api_key=54jmnjmpmgek7ydjy7984zxq','2017-05-21',NULL,'01H','45M','Young shepherdess Jeannette, the future Joan of Arc, already carries the weight of the the French nation on her shoulders as she grapples with matters of the soul.'),('John McEnroe: In the Realm of Perfection','http://developer.tmsimg.com/tvbanners/generic/generic_tvbanners_v5.png?api_key=54jmnjmpmgek7ydjy7984zxq','2018',NULL,'','','John McEnroe faces Ivan Lendl in the final of the 1984 French Open.'),('Kanam','http://developer.tmsimg.com/tvbanners/generic/generic_tvbanners_v5.png?api_key=54jmnjmpmgek7ydjy7984zxq','2018',NULL,'02H','20M',''),('Kings','http://developer.tmsimg.com/assets/p15132644_p_v5_aa.jpg?api_key=54jmnjmpmgek7ydjy7984zxq','2017-09-13','R','01H','27M','Millie is a hardworking, tough and protective Los Angeles single mother with an affection for homeless children. Her neighbor Obie is the local loose cannon -- and the only white man -- in an area largely inhabited by African-Americans, Latinos and Koreans. With racial tensions running high, Millie and Obie appear to be unlikely allies. But following the acquittal of four of the officers accused of beating Rodney King, the two of them must navigate the gathering chaos in the city.'),('Kodachrome','http://developer.tmsimg.com/assets/p15198321_v_v5_aa.jpg?api_key=54jmnjmpmgek7ydjy7984zxq','2017-09-08',NULL,'01H','40M','Matt, a struggling executive, finds his world turned upside down when his estranged father\'s nurse shows up unexpectedly in his office. Matt\'s father, a famed bad-boy photojournalist, is facing terminal cancer and his dying wish is for Matt to join him on a road trip from New York to Kansas to process his last rolls of Kodachrome film before the sole remaining lab closes and those captured moments are gone forever.'),('L\'enfant secret','http://developer.tmsimg.com/tvbanners/generic/generic_tvbanners_v5.png?api_key=54jmnjmpmgek7ydjy7984zxq','1979',NULL,'01H','32M','Four stories from the birth of a secret child.'),('Labyrinth','http://developer.tmsimg.com/assets/p9355_v_v5_ae.jpg?api_key=54jmnjmpmgek7ydjy7984zxq','1986-06-27','PG','01H','41M','Teenage Sarah (Jennifer Connelly) journeys through a maze to recover her baby brother (Toby Froud) from a goblin king (David Bowie).'),('Le Corbeau','http://developer.tmsimg.com/assets/p5616_b_v5_aa.jpg?api_key=54jmnjmpmgek7ydjy7984zxq','1943-09-28',NULL,'01H','32M','Le docteur Rémy Germain travaille dans une petite ville de province paisible, tellement paisible qu\'on a l\'impression parfois d\'y étouffé. Et soudain le scandale arrive : plusieurs habitants reçoivent des lettres anonymes. Cruelles, mensongères, grossières : ces missives touchent un peu tout le monde. Seul point commun, une signature : `Le Corbeau\'.'),('Lean on Pete','http://developer.tmsimg.com/assets/p14841156_v_v5_aa.jpg?api_key=54jmnjmpmgek7ydjy7984zxq','2017-09-01','R','02H','02M','Charley, a teenager living with his single father, cares for an ageing racehorse named Lean On Pete. When he learns Pete is bound for slaughter, the two embark on an odyssey across the new American frontier in search of a place to call home.'),('Like Arrows','http://developer.tmsimg.com/tvbanners/generic/generic_tvbanners_v5.png?api_key=54jmnjmpmgek7ydjy7984zxq',NULL,NULL,'02H','00M','In the movie \"Like Arrows,\" a couple search for answers when they realize that their approach to raising children isn\'t working; includes an exclusive panel discussion with filmmakers Alex Kendrick, Stephen Kendrick, Dennis Rainey and Bob Lepine.'),('Liquid Sky','http://developer.tmsimg.com/assets/p49734_v_v5_ab.jpg?api_key=54jmnjmpmgek7ydjy7984zxq','1982','R','01H','52M','An alien creature invades New York\'s punk subculture in its search for an opiate released by the brain during orgasm.'),('Little Pink House','http://developer.tmsimg.com/tvbanners/generic/generic_tvbanners_v5.png?api_key=54jmnjmpmgek7ydjy7984zxq','2017-02-03',NULL,'01H','39M','A Connecticut nurse finds herself at the center of a political firestorm and a Supreme Court case centering on eminent domain.'),('Lou Andreas-Salomé','http://developer.tmsimg.com/assets/p13052635_st_v5_aa.jpg?api_key=54jmnjmpmgek7ydjy7984zxq','2016',NULL,'01H','53M','Lou Andreas-Salomé, geboren 1861 in der russischen Stadt St. Petersburg, entschließt sich schon in jungen Jahren, niemals zu heiraten und sich ganz der Bildung und ihrer intellektuellen Entwicklung zu widmen. Bald tritt sie in Kontakt mit berühmten Philosophen wie Friedrich Nietzsche und Paul Rée, die von ihr fasziniert sind. Mit Sigmund Freuds Hilfe wird sie eine angesehene Psychoanalytikerin. Doch dem noch unbekannten Dichter Rainer Maria Rilke gelingt es, ihr Herz zu gewinnen.'),('Love After Love','http://developer.tmsimg.com/assets/p14787163_v_v5_ab.jpg?api_key=54jmnjmpmgek7ydjy7984zxq','2017-04-22',NULL,'01H','31M','A mother and her two adult sons try to regain their emotional equilibrium after the death of their family\'s patriarch.'),('Love, Simon','http://developer.tmsimg.com/assets/p14651974_v_v5_aa.jpg?api_key=54jmnjmpmgek7ydjy7984zxq','2018-02-27','PG-13','01H','50M','Everyone deserves a great love story, but for 17-year-old Simon Spier, it\'s a little more complicated. He hasn\'t told his family or friends that he\'s gay, and he doesn\'t know the identity of the anonymous classmate that he\'s fallen for online. Resolving both issues proves hilarious, terrifying and life-changing.'),('Mercury','http://developer.tmsimg.com/assets/p15349554_p_v5_aa.jpg?api_key=54jmnjmpmgek7ydjy7984zxq','2018-04-13','','01H','48M','Maimed from mercury poisoning, five longtime friends come together for a high school reunion, and it turns into nonstop terror.'),('Overboard','http://developer.tmsimg.com/assets/p14721978_v_v5_aa.jpg?api_key=54jmnjmpmgek7ydjy7984zxq','2018-05-04','PG-13','01H','52M','Kate is a single, working-class mother of three who\'s hired to clean a luxury yacht that belongs to Leonardo -- a selfish, spoiled and wealthy Mexican playboy. After unjustly firing Kate, Leonardo falls off the boat and wakes up with no memory of who he is. To get payback, Kate shows up at the hospital and convinces the confused amnesiac that they\'re married. As Leonardo tries to get used to manual labor and his new family, Kate starts to wonder how long she can keep fooling her fake husband.'),('Rampage','http://developer.tmsimg.com/assets/p13499890_p_v5_an.jpg?api_key=54jmnjmpmgek7ydjy7984zxq','2018-04-13','PG-13','01H','47M','Primatologist Davis Okoye shares an unshakable bond with George, an extraordinarily intelligent, silverback gorilla that\'s been in his care since birth. When a rogue genetic experiment goes wrong, it causes George, a wolf and a reptile to grow to a monstrous size. As the mutated beasts embark on a path of destruction, Okoye teams up with a discredited genetic engineer and the military to secure an antidote and prevent a global catastrophe.'),('Rampage 3D','http://developer.tmsimg.com/assets/p13499890_p_v5_an.jpg?api_key=54jmnjmpmgek7ydjy7984zxq','2018-04-13','PG-13','01H','47M','Primatologist Davis Okoye shares an unshakable bond with George, an extraordinarily intelligent, silverback gorilla that\'s been in his care since birth. When a rogue genetic experiment goes wrong, it causes George, a wolf and a reptile to grow to a monstrous size. As the mutated beasts embark on a path of destruction, Okoye teams up with a discredited genetic engineer and the military to secure an antidote and prevent a global catastrophe.'),('Rampage: The IMAX 2D Experience','http://developer.tmsimg.com/assets/p13499890_p_v5_an.jpg?api_key=54jmnjmpmgek7ydjy7984zxq','2018-04-13','PG-13','01H','47M','Primatologist Davis Okoye shares an unshakable bond with George, an extraordinarily intelligent, silverback gorilla that\'s been in his care since birth. When a rogue genetic experiment goes wrong, it causes George, a wolf and a reptile to grow to a monstrous size. As the mutated beasts embark on a path of destruction, Okoye teams up with a discredited genetic engineer and the military to secure an antidote and prevent a global catastrophe.'),('Ready Player One','http://developer.tmsimg.com/assets/p12806300_p_v5_ac.jpg?api_key=54jmnjmpmgek7ydjy7984zxq','2018-03-11','PG-13','02H','20M','In 2045, the planet is on the brink of chaos and collapse, but people find salvation in the OASIS, an expansive virtual reality universe created by James Halliday. When Halliday dies, he promises his immense fortune to the first person to discover a digital Easter egg that\'s hidden somewhere in the OASIS. When young Wade Watts joins the contest, he finds himself becoming an unlikely hero in a reality-bending treasure hunt through a fantastical world of mystery, discovery and danger.'),('Ready Player One 3D','http://developer.tmsimg.com/assets/p12806300_p_v5_ac.jpg?api_key=54jmnjmpmgek7ydjy7984zxq','2018-03-29','PG-13','02H','20M','In 2045, the planet is on the brink of chaos and collapse, but people find salvation in the OASIS, an expansive virtual reality universe created by James Halliday. When Halliday dies, he promises his immense fortune to the first person to discover a digital Easter egg that\'s hidden somewhere in the OASIS. When young Wade Watts joins the contest, he finds himself becoming an unlikely hero in a reality-bending treasure hunt through a fantastical world of mystery, discovery and danger.'),('Ready Player One: An IMAX 3D Experience','http://developer.tmsimg.com/assets/p12806300_p_v5_ac.jpg?api_key=54jmnjmpmgek7ydjy7984zxq','2018-03-29','PG-13','02H','20M','In 2045, the planet is on the brink of chaos and collapse, but people find salvation in the OASIS, an expansive virtual reality universe created by James Halliday. When Halliday dies, he promises his immense fortune to the first person to discover a digital Easter egg that\'s hidden somewhere in the OASIS. When young Wade Watts joins the contest, he finds himself becoming an unlikely hero in a reality-bending treasure hunt through a fantastical world of mystery, discovery and danger.'),('Sgt. Stubby: An American Hero','http://developer.tmsimg.com/tvbanners/generic/generic_tvbanners_v5.png?api_key=54jmnjmpmgek7ydjy7984zxq','2018-04-13','PG','01H','25M','With World War I looming, Robert Conroy, a young Army private, adopts a stray, stump-tailed terrier. Conroy names his new friend Stubby and gives him a home, a family, and a chance to embark on the adventure that would define a century. The two quickly find themselves in the trenches of France and on the path to history. French soldier Gaston Baptiste befriends the man and dog and accompanies them along their epic journey through harsh conditions and incredible acts of courage.'),('Sherlock Gnomes','http://developer.tmsimg.com/assets/p13794695_p_v5_ac.jpg?api_key=54jmnjmpmgek7ydjy7984zxq','2018-03-23','PG','01H','26M','When Gnomeo and Juliet first arrive in London with their friends and family, their biggest concern is getting a new garden ready for spring. When everyone in the garden suddenly goes missing -- there\'s only one gnome to call -- Sherlock Gnomes. The famous detective and sworn protector of the city shows up with his sidekick Watson to investigate the case. The mystery soon leads the gnomes on a rollicking adventure as they meet all-new ornaments and explore an undiscovered side of London.'),('Silence','http://developer.tmsimg.com/tvbanners/generic/generic_tvbanners_v5.png?api_key=54jmnjmpmgek7ydjy7984zxq','1971',NULL,'02H','09M','Two Portuguese priests go to Japan to help Christian sects, driven underground by a ruthless magistracy, to regain a foothold. Quickly drawn into a mire of persecution, the missionaries soon learn the fate of a mission decades earlier.'),('Super Troopers 2','http://developer.tmsimg.com/assets/p14477928_p_v5_ab.jpg?api_key=54jmnjmpmgek7ydjy7984zxq','2018-04-20','R','01H','43M','Fired for their previous shenanigans, former Vermont Highway Patrol officers Thorny, Farva, Rabbit, Foster and Mac get a shot at redemption from Capt. O\'Hagan and Gov. Jessan. The wacky quintet must provide law enforcement for a French Canadian town that\'s transitioning to U.S. sovereignty. Their unconventional methods soon get put to the test when they encounter a smarmy mayor, mischievous Mounties, a smuggling ring and a 1,300-pound bear.'),('Sympathy for the Devil','http://developer.tmsimg.com/assets/p5976_v_v5_ab.jpg?api_key=54jmnjmpmgek7ydjy7984zxq','1968',NULL,'01H','39M','Scenes from the Rolling Stones\' recording studio sessions are interspersed with footage of the Vietnam War.'),('The Cat Returns -- Studio Ghibli Fest 2018','http://developer.tmsimg.com/tvbanners/generic/generic_tvbanners_v5.png?api_key=54jmnjmpmgek7ydjy7984zxq','','','01H','25M','A dapper feline takes a lucky schoolgirl on a magical adventure in the anime film \"The Cat Returns\"; dubbed in English on April 22 and April 25, and subtitled on April 23.'),('The Death of Stalin','http://developer.tmsimg.com/assets/p14589654_v_v5_aa.jpg?api_key=54jmnjmpmgek7ydjy7984zxq','2017-09-08','R','01H','47M','When tyrannical dictator Joseph Stalin dies in 1953, his parasitic cronies square off in a frantic power struggle to become the next Soviet leader. Among the contenders are the dweebish Georgy Malenkov, the wily Nikita Khrushchev and Lavrenti Beria -- the sadistic secret police chief. As they bumble, brawl and back-stab their way to the top, the question remains -- just who is running the government?'),('The Devil and Father Amorth','http://developer.tmsimg.com/assets/p15076386_v_v5_aa.jpg?api_key=54jmnjmpmgek7ydjy7984zxq','2017-08-31',NULL,'01H','08M','Filmmaker William Friedkin follows the Rev. Gabriele Amorth as he performs an exorcism on a woman in Italy.'),('The Exorcist','http://developer.tmsimg.com/assets/p6107_v_v5_ay.jpg?api_key=54jmnjmpmgek7ydjy7984zxq','1973-12-26','R','02H','02M','One of the most profitable horror movies ever made, this tale of an exorcism is based loosely on actual events. When young Regan (Linda Blair) starts acting odd -- levitating, speaking in tongues -- her worried mother (Ellen Burstyn) seeks medical help, only to hit a dead end. A local priest (Jason Miller), however, thinks the girl may be seized by the devil. The priest makes a request to perform an exorcism, and the church sends in an expert (Max von Sydow) to help with the difficult job.'),('The IMAX VR: Justice League VR: Cyborg Flash, Wonder Woman','http://developer.tmsimg.com/tvbanners/generic/generic_tvbanners_v5.png?api_key=54jmnjmpmgek7ydjy7984zxq',NULL,NULL,'','',''),('The Killers','http://developer.tmsimg.com/assets/p4181_v_v5_aa.jpg?api_key=54jmnjmpmgek7ydjy7984zxq','1946-08-28',NULL,'01H','45M','Two hit men walk into a diner asking for a man called \"the Swede\" (Burt Lancaster). When the killers find the Swede, he\'s expecting them and doesn\'t put up a fight. Since the Swede had a life insurance policy, an investigator (Edmond O\'Brien), on a hunch, decides to look into the murder. As the Swede\'s past is laid bare, it comes to light that he was in love with a beautiful woman (Ava Gardner) who may have lured him into pulling off a bank robbery overseen by another man (Albert Dekker).'),('The Metropolitan Opera: Cendrillon Encore','http://developer.tmsimg.com/tvbanners/generic/generic_tvbanners_v5.png?api_key=54jmnjmpmgek7ydjy7984zxq',NULL,NULL,'03H','15M','Bertrand de Billy conducts mezzo-soprano Joyce DiDonato, mezzo-soprano Alice Coote, soprano Kathleen Kim and mezzo-soprano Stephanie Blythe in an encore performance of Massenet\'s \"Cendrillon.\"'),('The Miracle Season','http://developer.tmsimg.com/assets/p14953815_v_v5_aa.jpg?api_key=54jmnjmpmgek7ydjy7984zxq','2018-04-06','PG','01H','39M','Based on the inspiring true story of the West High School girl\'s volleyball team. After the tragic loss of star player Caroline \"Line\" Found in an accident, the remaining team players must band together under the guidance of their tough-love coach, Kathy Bresnahan, in hopes of winning the state championship.'),('The Rider','http://developer.tmsimg.com/assets/p14671211_p_v5_aa.jpg?api_key=54jmnjmpmgek7ydjy7984zxq','2017-05-20','R','01H','44M','After a riding accident leaves him unable to compete on the rodeo circuit, a young cowboy searches for a new purpose.'),('The Shape of Water','http://developer.tmsimg.com/assets/p14064584_v_v5_ad.jpg?api_key=54jmnjmpmgek7ydjy7984zxq','2017-08-31','R','02H','03M','Elisa is a mute, isolated woman who works as a cleaning lady in a hidden, high-security government laboratory in 1962 Baltimore. Her life changes forever when she discovers the lab\'s classified secret -- a mysterious, scaled creature from South America that lives in a water tank. As Elisa develops a unique bond with her new friend, she soon learns that its fate and very survival lies in the hands of a hostile government agent and a marine biologist.'),('This Is Our Land','http://developer.tmsimg.com/assets/p14297094_v_v5_ac.jpg?api_key=54jmnjmpmgek7ydjy7984zxq','2017',NULL,'01H','57M','A nurse gets involved in a far right political party.'),('Traffik','http://developer.tmsimg.com/assets/p14514003_v_v5_aa.jpg?api_key=54jmnjmpmgek7ydjy7984zxq','2018-04-20','R','01H','36M','Brea and John embark on a romantic weekend getaway to an isolated estate in the mountains. They are pleasantly surprised when two of their friends, Darren and Malia, also show up unexpectedly. Their plans for fun soon give way to terror when members of a violent biker gang invade the peaceful countryside. Banded together, they now find themselves in a fight for their lives as their assailants will stop at nothing to protect their secrets from the outside world.'),('Tully','http://developer.tmsimg.com/assets/p14123058_v_v5_aa.jpg?api_key=54jmnjmpmgek7ydjy7984zxq','2018-01-23','R','01H','34M','Marlo is a New York suburbanite who\'s about to give birth to her third child. Her husband Ron is loving and works hard, but remains clueless about the demands that motherhood puts on his wife. When the baby is born, Marlo\'s wealthy brother hires a nighttime nanny named Tully to help his sister handle the workload. Hesitant at first, Marlo soon learns to appreciate all that Tully does -- forming a special bond with her new, lifesaving friend.'),('Tyler Perry\'s Acrimony','http://developer.tmsimg.com/assets/p14289024_i_v5_aa.jpg?api_key=54jmnjmpmgek7ydjy7984zxq','2018-03-30','R','02H','00M','When Melinda met Robert, she was skeptical of his charming nature but couldn\'t deny how attracted she was to him. Once they fell in love, Melinda molded herself into everything he wanted her to be. She sacrificed for him, worked to support his grandiose dreams, and put up with him for better or for worse. Then, one day she realized that after all she had done, another woman was reaping the lavish rewards. That\'s when Melinda lost it, and now she cannot let it go.'),('Unsane','http://developer.tmsimg.com/assets/p14830399_p_v5_aa.jpg?api_key=54jmnjmpmgek7ydjy7984zxq','2018-02-20','R','01H','38M','Sawyer Valentini relocates from Boston to Pennsylvania to escape from the man who\'s been stalking her for the last two years. While consulting with a therapist, Valentini unwittingly signs in for a voluntary 24-hour commitment to the Highland Creek Behavioral Center. Her stay at the facility soon gets extended when doctors and nurses begin to question her sanity. Sawyer now believes that one of the staffers is her stalker -- and she\'ll do whatever it takes to stay alive and fight her way out.'),('Veneno','http://developer.tmsimg.com/tvbanners/generic/generic_tvbanners_v5.png?api_key=54jmnjmpmgek7ydjy7984zxq','2018',NULL,'01H','36M','Jack Veneno becomes the most famous Dominican wrestler of all time and faces his archrival, Relampago Hernandez.'),('VR: Eagle Flight','http://developer.tmsimg.com/tvbanners/generic/generic_tvbanners_v5.png?api_key=54jmnjmpmgek7ydjy7984zxq',NULL,NULL,'','',''),('VR: Raw Data V1.1','http://developer.tmsimg.com/tvbanners/generic/generic_tvbanners_v5.png?api_key=54jmnjmpmgek7ydjy7984zxq',NULL,NULL,'','',''),('Wanderland','http://developer.tmsimg.com/assets/p15373362_v_v5_ab.jpg?api_key=54jmnjmpmgek7ydjy7984zxq','2017',NULL,'01H','29M','Seeking an escape from his isolated life in New York, Alex accepts a mysterious invitation to house-sit a picturesque cottage on Long Island.'),('Where Is Kyra?','http://developer.tmsimg.com/tvbanners/generic/generic_tvbanners_v5.png?api_key=54jmnjmpmgek7ydjy7984zxq','2017-01-23',NULL,'01H','38M','A fragile woman is already stressed from a fast-paced world when her mother dies and she must find a means for survival while hiding her struggles from her new boyfriend.'),('You Were Never Really Here','http://developer.tmsimg.com/assets/p14834818_v_v5_ac.jpg?api_key=54jmnjmpmgek7ydjy7984zxq','2017-05-27','R','01H','30M','When a teenage girl goes missing, a jaded, brutal enforcer attempts a rescue mission. He uncovers corruption and abuse of power along his way.'),('Zama','http://developer.tmsimg.com/assets/p14591881_v_v5_aa.jpg?api_key=54jmnjmpmgek7ydjy7984zxq','2017-08-30',NULL,'01H','55M','No fim do século XVIII, Don Diego de Zama é um oficial da Coroa Espanhola que deseja partir para Buenos Aires. Ele junta-se a um grupo de soldados à caça de um perigoso bandido e explora terras distantes habitadas por índios selvagens.');
/*!40000 ALTER TABLE `movie_info` ENABLE KEYS */;
UNLOCK TABLES;

--
-- Table structure for table `showtimes`
--

DROP TABLE IF EXISTS `showtimes`;
/*!40101 SET @saved_cs_client     = @@character_set_client */;
/*!40101 SET character_set_client = utf8 */;
CREATE TABLE `showtimes` (
  `theatre_id` varchar(7) NOT NULL,
  `theatre_name` varchar(60) DEFAULT NULL,
  `title` varchar(60) NOT NULL,
  `date` varchar(15) NOT NULL,
  `time` varchar(20) NOT NULL,
  `link` varchar(100) DEFAULT NULL,
  PRIMARY KEY (`theatre_id`,`title`,`date`,`time`)
) ENGINE=InnoDB DEFAULT CHARSET=latin1;
/*!40101 SET character_set_client = @saved_cs_client */;

--
-- Dumping data for table `showtimes`
--

LOCK TABLES `showtimes` WRITE;
/*!40000 ALTER TABLE `showtimes` DISABLE KEYS */;
INSERT INTO `showtimes` VALUES ('10198','Fabian 8 Cinema','A Quiet Place','2018-05-03','12:10',NULL),('10198','Fabian 8 Cinema','A Quiet Place','2018-05-03','14:30',NULL),('10198','Fabian 8 Cinema','A Quiet Place','2018-05-03','16:50',NULL),('10198','Fabian 8 Cinema','A Quiet Place','2018-05-03','19:10',NULL),('10198','Fabian 8 Cinema','A Quiet Place','2018-05-03','21:40',NULL),('10198','Fabian 8 Cinema','Avengers: Infinity War','2018-05-03','12:00',NULL),('10198','Fabian 8 Cinema','Avengers: Infinity War','2018-05-03','13:00',NULL),('10198','Fabian 8 Cinema','Avengers: Infinity War','2018-05-03','13:45',NULL),('10198','Fabian 8 Cinema','Avengers: Infinity War','2018-05-03','15:30',NULL),('10198','Fabian 8 Cinema','Avengers: Infinity War','2018-05-03','16:30',NULL),('10198','Fabian 8 Cinema','Avengers: Infinity War','2018-05-03','17:15',NULL),('10198','Fabian 8 Cinema','Avengers: Infinity War','2018-05-03','19:00',NULL),('10198','Fabian 8 Cinema','Avengers: Infinity War','2018-05-03','20:00',NULL),('10198','Fabian 8 Cinema','Avengers: Infinity War','2018-05-03','20:45',NULL),('10198','Fabian 8 Cinema','Avengers: Infinity War','2018-05-03','22:30',NULL),('10198','Fabian 8 Cinema','Avengers: Infinity War 3D','2018-05-03','11:00',NULL),('10198','Fabian 8 Cinema','Avengers: Infinity War 3D','2018-05-03','14:30',NULL),('10198','Fabian 8 Cinema','Avengers: Infinity War 3D','2018-05-03','18:00',NULL),('10198','Fabian 8 Cinema','Avengers: Infinity War 3D','2018-05-03','21:30',NULL),('10198','Fabian 8 Cinema','Blumhouse\'s Truth or Dare','2018-05-03','11:50',NULL),('10198','Fabian 8 Cinema','Blumhouse\'s Truth or Dare','2018-05-03','14:20',NULL),('10198','Fabian 8 Cinema','Blumhouse\'s Truth or Dare','2018-05-03','16:45',NULL),('10198','Fabian 8 Cinema','Blumhouse\'s Truth or Dare','2018-05-03','19:15',NULL),('10198','Fabian 8 Cinema','Blumhouse\'s Truth or Dare','2018-05-03','21:45',NULL),('10198','Fabian 8 Cinema','Rampage','2018-05-03','11:15',NULL),('10198','Fabian 8 Cinema','Rampage','2018-05-03','13:50',NULL),('10198','Fabian 8 Cinema','Rampage','2018-05-03','16:30',NULL),('10198','Fabian 8 Cinema','Rampage','2018-05-03','19:10',NULL),('10198','Fabian 8 Cinema','Rampage','2018-05-03','21:50',NULL),('10198','Fabian 8 Cinema','Traffik','2018-05-03','12:00',NULL),('10198','Fabian 8 Cinema','Traffik','2018-05-03','14:30',NULL),('10198','Fabian 8 Cinema','Traffik','2018-05-03','17:00',NULL),('10198','Fabian 8 Cinema','Traffik','2018-05-03','19:30',NULL),('10198','Fabian 8 Cinema','Traffik','2018-05-03','22:00',NULL),('10795','Allwood Cinemas 6','A Quiet Place','2018-05-03','10:00','http://www.fandango.com/tms.asp?t=AAWZW&m=179044&d=2018-05-03'),('10795','Allwood Cinemas 6','A Quiet Place','2018-05-03','12:00','http://www.fandango.com/tms.asp?t=AAWZW&m=179044&d=2018-05-03'),('10795','Allwood Cinemas 6','A Quiet Place','2018-05-03','14:00','http://www.fandango.com/tms.asp?t=AAWZW&m=179044&d=2018-05-03'),('10795','Allwood Cinemas 6','A Quiet Place','2018-05-03','20:00','http://www.fandango.com/tms.asp?t=AAWZW&m=179044&d=2018-05-03'),('10795','Allwood Cinemas 6','A Quiet Place','2018-05-03','22:20','http://www.fandango.com/tms.asp?t=AAWZW&m=179044&d=2018-05-03'),('10795','Allwood Cinemas 6','Avengers: Infinity War','2018-05-03','10:00','http://www.fandango.com/tms.asp?t=AAWZW&m=162537&d=2018-05-03'),('10795','Allwood Cinemas 6','Avengers: Infinity War','2018-05-03','10:40','http://www.fandango.com/tms.asp?t=AAWZW&m=162537&d=2018-05-03'),('10795','Allwood Cinemas 6','Avengers: Infinity War','2018-05-03','11:40','http://www.fandango.com/tms.asp?t=AAWZW&m=162537&d=2018-05-03'),('10795','Allwood Cinemas 6','Avengers: Infinity War','2018-05-03','12:15','http://www.fandango.com/tms.asp?t=AAWZW&m=162537&d=2018-05-03'),('10795','Allwood Cinemas 6','Avengers: Infinity War','2018-05-03','13:10','http://www.fandango.com/tms.asp?t=AAWZW&m=162537&d=2018-05-03'),('10795','Allwood Cinemas 6','Avengers: Infinity War','2018-05-03','14:00','http://www.fandango.com/tms.asp?t=AAWZW&m=162537&d=2018-05-03'),('10795','Allwood Cinemas 6','Avengers: Infinity War','2018-05-03','14:30','http://www.fandango.com/tms.asp?t=AAWZW&m=162537&d=2018-05-03'),('10795','Allwood Cinemas 6','Avengers: Infinity War','2018-05-03','15:00','http://www.fandango.com/tms.asp?t=AAWZW&m=162537&d=2018-05-03'),('10795','Allwood Cinemas 6','Avengers: Infinity War','2018-05-03','15:30','http://www.fandango.com/tms.asp?t=AAWZW&m=162537&d=2018-05-03'),('10795','Allwood Cinemas 6','Avengers: Infinity War','2018-05-03','16:00','http://www.fandango.com/tms.asp?t=AAWZW&m=162537&d=2018-05-03'),('10795','Allwood Cinemas 6','Avengers: Infinity War','2018-05-03','16:20','http://www.fandango.com/tms.asp?t=AAWZW&m=162537&d=2018-05-03'),('10795','Allwood Cinemas 6','Avengers: Infinity War','2018-05-03','17:15','http://www.fandango.com/tms.asp?t=AAWZW&m=162537&d=2018-05-03'),('10795','Allwood Cinemas 6','Avengers: Infinity War','2018-05-03','18:15','http://www.fandango.com/tms.asp?t=AAWZW&m=162537&d=2018-05-03'),('10795','Allwood Cinemas 6','Avengers: Infinity War','2018-05-03','18:45','http://www.fandango.com/tms.asp?t=AAWZW&m=162537&d=2018-05-03'),('10795','Allwood Cinemas 6','Avengers: Infinity War','2018-05-03','19:10','http://www.fandango.com/tms.asp?t=AAWZW&m=162537&d=2018-05-03'),('10795','Allwood Cinemas 6','Avengers: Infinity War','2018-05-03','19:40','http://www.fandango.com/tms.asp?t=AAWZW&m=162537&d=2018-05-03'),('10795','Allwood Cinemas 6','Avengers: Infinity War','2018-05-03','20:30','http://www.fandango.com/tms.asp?t=AAWZW&m=162537&d=2018-05-03'),('10795','Allwood Cinemas 6','Avengers: Infinity War','2018-05-03','21:30','http://www.fandango.com/tms.asp?t=AAWZW&m=162537&d=2018-05-03'),('10795','Allwood Cinemas 6','Avengers: Infinity War','2018-05-03','22:00','http://www.fandango.com/tms.asp?t=AAWZW&m=162537&d=2018-05-03'),('10795','Allwood Cinemas 6','Avengers: Infinity War','2018-05-03','22:20','http://www.fandango.com/tms.asp?t=AAWZW&m=162537&d=2018-05-03'),('10795','Allwood Cinemas 6','I Feel Pretty','2018-05-03','10:00','http://www.fandango.com/tms.asp?t=AAWZW&m=181750&d=2018-05-03'),('10795','Allwood Cinemas 6','I Feel Pretty','2018-05-03','15:00','http://www.fandango.com/tms.asp?t=AAWZW&m=181750&d=2018-05-03'),('10795','Allwood Cinemas 6','I Feel Pretty','2018-05-03','17:40','http://www.fandango.com/tms.asp?t=AAWZW&m=181750&d=2018-05-03'),('10795','Allwood Cinemas 6','I Feel Pretty','2018-05-03','22:20','http://www.fandango.com/tms.asp?t=AAWZW&m=181750&d=2018-05-03'),('10795','Allwood Cinemas 6','Rampage','2018-05-03','10:10','http://www.fandango.com/tms.asp?t=AAWZW&m=168977&d=2018-05-03'),('10795','Allwood Cinemas 6','Rampage','2018-05-03','12:15','http://www.fandango.com/tms.asp?t=AAWZW&m=168977&d=2018-05-03'),('10795','Allwood Cinemas 6','Rampage','2018-05-03','14:50','http://www.fandango.com/tms.asp?t=AAWZW&m=168977&d=2018-05-03'),('10795','Allwood Cinemas 6','Rampage','2018-05-03','17:20','http://www.fandango.com/tms.asp?t=AAWZW&m=168977&d=2018-05-03'),('10795','Allwood Cinemas 6','Rampage','2018-05-03','20:10','http://www.fandango.com/tms.asp?t=AAWZW&m=168977&d=2018-05-03'),('10795','Allwood Cinemas 6','Rampage','2018-05-03','21:50','http://www.fandango.com/tms.asp?t=AAWZW&m=168977&d=2018-05-03'),('2813','Center Cinemas','A Quiet Place','2018-05-03','17:15',NULL),('2813','Center Cinemas','A Quiet Place','2018-05-03','19:30',NULL),('2813','Center Cinemas','Avengers: Infinity War','2018-05-03','16:00',NULL),('2813','Center Cinemas','Avengers: Infinity War','2018-05-03','19:00',NULL),('2813','Center Cinemas','Blockers','2018-05-03','16:45',NULL),('2813','Center Cinemas','Blockers','2018-05-03','19:15',NULL),('2934','Hawthorne 5','A Quiet Place','2018-05-03','19:35',NULL),('2934','Hawthorne 5','Avengers: Infinity War','2018-05-03','19:00',NULL),('2934','Hawthorne 5','Avengers: Infinity War 3D','2018-05-03','20:00',NULL),('2934','Hawthorne 5','I Can Only Imagine','2018-05-03','19:40',NULL),('2934','Hawthorne 5','Tully','2018-05-03','19:30',NULL),('3045','Empire Union Cinemas','A Quiet Place','2018-05-03','10:00','http://www.fandango.com/tms.asp?t=AAJYT&m=179044&d=2018-05-03'),('3045','Empire Union Cinemas','A Quiet Place','2018-05-03','12:00','http://www.fandango.com/tms.asp?t=AAJYT&m=179044&d=2018-05-03'),('3045','Empire Union Cinemas','A Quiet Place','2018-05-03','14:00','http://www.fandango.com/tms.asp?t=AAJYT&m=179044&d=2018-05-03'),('3045','Empire Union Cinemas','A Quiet Place','2018-05-03','16:00','http://www.fandango.com/tms.asp?t=AAJYT&m=179044&d=2018-05-03'),('3045','Empire Union Cinemas','A Quiet Place','2018-05-03','18:00','http://www.fandango.com/tms.asp?t=AAJYT&m=179044&d=2018-05-03'),('3045','Empire Union Cinemas','A Quiet Place','2018-05-03','20:00','http://www.fandango.com/tms.asp?t=AAJYT&m=179044&d=2018-05-03'),('3045','Empire Union Cinemas','A Wrinkle in Time','2018-05-03','10:00','http://www.fandango.com/tms.asp?t=AAJYT&m=173606&d=2018-05-03'),('3045','Empire Union Cinemas','Avengers: Infinity War','2018-05-03','10:00','http://www.fandango.com/tms.asp?t=AAJYT&m=162537&d=2018-05-03'),('3045','Empire Union Cinemas','Avengers: Infinity War','2018-05-03','10:30','http://www.fandango.com/tms.asp?t=AAJYT&m=162537&d=2018-05-03'),('3045','Empire Union Cinemas','Avengers: Infinity War','2018-05-03','11:00','http://www.fandango.com/tms.asp?t=AAJYT&m=162537&d=2018-05-03'),('3045','Empire Union Cinemas','Avengers: Infinity War','2018-05-03','11:45','http://www.fandango.com/tms.asp?t=AAJYT&m=162537&d=2018-05-03'),('3045','Empire Union Cinemas','Avengers: Infinity War','2018-05-03','12:35','http://www.fandango.com/tms.asp?t=AAJYT&m=162537&d=2018-05-03'),('3045','Empire Union Cinemas','Avengers: Infinity War','2018-05-03','13:00','http://www.fandango.com/tms.asp?t=AAJYT&m=162537&d=2018-05-03'),('3045','Empire Union Cinemas','Avengers: Infinity War','2018-05-03','13:30','http://www.fandango.com/tms.asp?t=AAJYT&m=162537&d=2018-05-03'),('3045','Empire Union Cinemas','Avengers: Infinity War','2018-05-03','14:00','http://www.fandango.com/tms.asp?t=AAJYT&m=162537&d=2018-05-03'),('3045','Empire Union Cinemas','Avengers: Infinity War','2018-05-03','14:30','http://www.fandango.com/tms.asp?t=AAJYT&m=162537&d=2018-05-03'),('3045','Empire Union Cinemas','Avengers: Infinity War','2018-05-03','15:30','http://www.fandango.com/tms.asp?t=AAJYT&m=162537&d=2018-05-03'),('3045','Empire Union Cinemas','Avengers: Infinity War','2018-05-03','15:50','http://www.fandango.com/tms.asp?t=AAJYT&m=162537&d=2018-05-03'),('3045','Empire Union Cinemas','Avengers: Infinity War','2018-05-03','16:30','http://www.fandango.com/tms.asp?t=AAJYT&m=162537&d=2018-05-03'),('3045','Empire Union Cinemas','Avengers: Infinity War','2018-05-03','16:50','http://www.fandango.com/tms.asp?t=AAJYT&m=162537&d=2018-05-03'),('3045','Empire Union Cinemas','Avengers: Infinity War','2018-05-03','17:20','http://www.fandango.com/tms.asp?t=AAJYT&m=162537&d=2018-05-03'),('3045','Empire Union Cinemas','Avengers: Infinity War','2018-05-03','17:45','http://www.fandango.com/tms.asp?t=AAJYT&m=162537&d=2018-05-03'),('3045','Empire Union Cinemas','Avengers: Infinity War','2018-05-03','18:20','http://www.fandango.com/tms.asp?t=AAJYT&m=162537&d=2018-05-03'),('3045','Empire Union Cinemas','Avengers: Infinity War','2018-05-03','19:00','http://www.fandango.com/tms.asp?t=AAJYT&m=162537&d=2018-05-03'),('3045','Empire Union Cinemas','Avengers: Infinity War','2018-05-03','19:30','http://www.fandango.com/tms.asp?t=AAJYT&m=162537&d=2018-05-03'),('3045','Empire Union Cinemas','Avengers: Infinity War','2018-05-03','20:10','http://www.fandango.com/tms.asp?t=AAJYT&m=162537&d=2018-05-03'),('3045','Empire Union Cinemas','Avengers: Infinity War','2018-05-03','20:40','http://www.fandango.com/tms.asp?t=AAJYT&m=162537&d=2018-05-03'),('3045','Empire Union Cinemas','Avengers: Infinity War','2018-05-03','21:00','http://www.fandango.com/tms.asp?t=AAJYT&m=162537&d=2018-05-03'),('3045','Empire Union Cinemas','Avengers: Infinity War','2018-05-03','21:30','http://www.fandango.com/tms.asp?t=AAJYT&m=162537&d=2018-05-03'),('3045','Empire Union Cinemas','Avengers: Infinity War','2018-05-03','22:00','http://www.fandango.com/tms.asp?t=AAJYT&m=162537&d=2018-05-03'),('3045','Empire Union Cinemas','Avengers: Infinity War','2018-05-03','22:30','http://www.fandango.com/tms.asp?t=AAJYT&m=162537&d=2018-05-03'),('3045','Empire Union Cinemas','Blumhouse\'s Truth or Dare','2018-05-03','10:00','http://www.fandango.com/tms.asp?t=AAJYT&m=180899&d=2018-05-03'),('3045','Empire Union Cinemas','Blumhouse\'s Truth or Dare','2018-05-03','18:00','http://www.fandango.com/tms.asp?t=AAJYT&m=180899&d=2018-05-03'),('3045','Empire Union Cinemas','Blumhouse\'s Truth or Dare','2018-05-03','20:25','http://www.fandango.com/tms.asp?t=AAJYT&m=180899&d=2018-05-03'),('3045','Empire Union Cinemas','I Feel Pretty','2018-05-03','12:20','http://www.fandango.com/tms.asp?t=AAJYT&m=181750&d=2018-05-03'),('3045','Empire Union Cinemas','I Feel Pretty','2018-05-03','14:45','http://www.fandango.com/tms.asp?t=AAJYT&m=181750&d=2018-05-03'),('3045','Empire Union Cinemas','I Feel Pretty','2018-05-03','17:10','http://www.fandango.com/tms.asp?t=AAJYT&m=181750&d=2018-05-03'),('3045','Empire Union Cinemas','Rampage','2018-05-03','12:00','http://www.fandango.com/tms.asp?t=AAJYT&m=168977&d=2018-05-03'),('3045','Empire Union Cinemas','Rampage','2018-05-03','15:00','http://www.fandango.com/tms.asp?t=AAJYT&m=168977&d=2018-05-03'),('3045','Empire Union Cinemas','Rampage','2018-05-03','19:00','http://www.fandango.com/tms.asp?t=AAJYT&m=168977&d=2018-05-03'),('3045','Empire Union Cinemas','Tyler Perry\'s Acrimony','2018-05-03','20:00','http://www.fandango.com/tms.asp?t=AAJYT&m=184608&d=2018-05-03'),('3045','Empire Union Cinemas','Tyler Perry\'s Acrimony','2018-05-03','22:35','http://www.fandango.com/tms.asp?t=AAJYT&m=184608&d=2018-05-03'),('3915','New Vision Rialto Theatre','A Quiet Place','2018-05-03','17:00','http://www.fandango.com/tms.asp?t=AABMG&m=179044&d=2018-05-03'),('3915','New Vision Rialto Theatre','A Quiet Place','2018-05-03','19:40','http://www.fandango.com/tms.asp?t=AABMG&m=179044&d=2018-05-03'),('3915','New Vision Rialto Theatre','Avengers: Infinity War','2018-05-03','16:30','http://www.fandango.com/tms.asp?t=AABMG&m=162537&d=2018-05-03'),('3915','New Vision Rialto Theatre','Avengers: Infinity War','2018-05-03','19:00','http://www.fandango.com/tms.asp?t=AABMG&m=162537&d=2018-05-03'),('3915','New Vision Rialto Theatre','Avengers: Infinity War','2018-05-03','20:00','http://www.fandango.com/tms.asp?t=AABMG&m=162537&d=2018-05-03'),('3915','New Vision Rialto Theatre','Avengers: Infinity War 3D','2018-05-03','15:40','http://www.fandango.com/tms.asp?t=AABMG&m=162538&d=2018-05-03'),('3915','New Vision Rialto Theatre','Avengers: Infinity War 3D','2018-05-03','18:00','http://www.fandango.com/tms.asp?t=AABMG&m=162538&d=2018-05-03'),('3915','New Vision Rialto Theatre','I Feel Pretty','2018-05-03','16:20','http://www.fandango.com/tms.asp?t=AABMG&m=181750&d=2018-05-03'),('3915','New Vision Rialto Theatre','I Feel Pretty','2018-05-03','19:10','http://www.fandango.com/tms.asp?t=AABMG&m=181750&d=2018-05-03'),('3915','New Vision Rialto Theatre','Like Arrows','2018-05-03','19:00','http://www.fandango.com/tms.asp?t=AABMG&m=181040&d=2018-05-03'),('3915','New Vision Rialto Theatre','Love, Simon','2018-05-03','16:10','http://www.fandango.com/tms.asp?t=AABMG&m=178983&d=2018-05-03'),('4076','Maplewood Theater','A Quiet Place','2018-05-03','19:55',NULL),('4076','Maplewood Theater','Avengers: Infinity War','2018-05-03','19:00',NULL),('4076','Maplewood Theater','Avengers: Infinity War 3D','2018-05-03','20:00',NULL),('4076','Maplewood Theater','Isle of Dogs','2018-05-03','19:40',NULL),('4076','Maplewood Theater','Love, Simon','2018-05-03','19:35',NULL),('4076','Maplewood Theater','Tully','2018-05-03','19:30',NULL),('4919','Bow Tie South Orange 5','A Quiet Place','2018-05-03','14:15','http://www.fandango.com/tms.asp?t=AAUFA&m=179044&d=2018-05-03'),('4919','Bow Tie South Orange 5','A Quiet Place','2018-05-03','17:00','http://www.fandango.com/tms.asp?t=AAUFA&m=179044&d=2018-05-03'),('4919','Bow Tie South Orange 5','A Quiet Place','2018-05-03','19:15','http://www.fandango.com/tms.asp?t=AAUFA&m=179044&d=2018-05-03'),('4919','Bow Tie South Orange 5','A Quiet Place','2018-05-03','21:45','http://www.fandango.com/tms.asp?t=AAUFA&m=179044&d=2018-05-03'),('4919','Bow Tie South Orange 5','Avengers: Infinity War','2018-05-03','13:30','http://www.fandango.com/tms.asp?t=AAUFA&m=162537&d=2018-05-03'),('4919','Bow Tie South Orange 5','Avengers: Infinity War','2018-05-03','14:30','http://www.fandango.com/tms.asp?t=AAUFA&m=162537&d=2018-05-03'),('4919','Bow Tie South Orange 5','Avengers: Infinity War','2018-05-03','16:30','http://www.fandango.com/tms.asp?t=AAUFA&m=162537&d=2018-05-03'),('4919','Bow Tie South Orange 5','Avengers: Infinity War','2018-05-03','18:00','http://www.fandango.com/tms.asp?t=AAUFA&m=162537&d=2018-05-03'),('4919','Bow Tie South Orange 5','Avengers: Infinity War','2018-05-03','20:00','http://www.fandango.com/tms.asp?t=AAUFA&m=162537&d=2018-05-03'),('4919','Bow Tie South Orange 5','Avengers: Infinity War','2018-05-03','21:30','http://www.fandango.com/tms.asp?t=AAUFA&m=162537&d=2018-05-03'),('4919','Bow Tie South Orange 5','Avengers: Infinity War 3D','2018-05-03','15:30','http://www.fandango.com/tms.asp?t=AAUFA&m=162538&d=2018-05-03'),('4919','Bow Tie South Orange 5','Avengers: Infinity War 3D','2018-05-03','19:00','http://www.fandango.com/tms.asp?t=AAUFA&m=162538&d=2018-05-03'),('4919','Bow Tie South Orange 5','Avengers: Infinity War 3D','2018-05-03','22:20','http://www.fandango.com/tms.asp?t=AAUFA&m=162538&d=2018-05-03'),('4919','Bow Tie South Orange 5','Bad Samaritan','2018-05-03','19:00','http://www.fandango.com/tms.asp?t=AAUFA&m=183178&d=2018-05-03'),('4919','Bow Tie South Orange 5','Bad Samaritan','2018-05-03','22:00','http://www.fandango.com/tms.asp?t=AAUFA&m=183178&d=2018-05-03'),('4919','Bow Tie South Orange 5','Rampage','2018-05-03','14:00','http://www.fandango.com/tms.asp?t=AAUFA&m=168977&d=2018-05-03'),('4919','Bow Tie South Orange 5','Traffik','2018-05-03','16:45','http://www.fandango.com/tms.asp?t=AAUFA&m=177383&d=2018-05-03'),('5324','AMC Clifton Commons 16','Avengers: Infinity War','2018-05-03','11:00',NULL),('5324','AMC Clifton Commons 16','Avengers: Infinity War','2018-05-03','14:00',NULL),('5324','AMC Clifton Commons 16','Avengers: Infinity War','2018-05-03','14:45',NULL),('5324','AMC Clifton Commons 16','Avengers: Infinity War','2018-05-03','17:45',NULL),('5324','AMC Clifton Commons 16','Avengers: Infinity War','2018-05-03','18:30',NULL),('5324','AMC Clifton Commons 16','Avengers: Infinity War','2018-05-03','21:15',NULL),('5324','AMC Clifton Commons 16','Avengers: Infinity War','2018-05-03','22:15',NULL),('5324','AMC Clifton Commons 16','Avengers: Infinity War -- The IMAX 2D Experience','2018-05-03','11:45',NULL),('5324','AMC Clifton Commons 16','Avengers: Infinity War -- The IMAX 2D Experience','2018-05-03','15:30',NULL),('5324','AMC Clifton Commons 16','Avengers: Infinity War -- The IMAX 2D Experience','2018-05-03','19:15',NULL),('5324','AMC Clifton Commons 16','Avengers: Infinity War -- The IMAX 2D Experience','2018-05-03','22:45',NULL),('5324','AMC Clifton Commons 16','Avengers: Infinity War 3D','2018-05-03','12:30',NULL),('5324','AMC Clifton Commons 16','Avengers: Infinity War 3D','2018-05-03','13:00',NULL),('5324','AMC Clifton Commons 16','Avengers: Infinity War 3D','2018-05-03','16:15',NULL),('5324','AMC Clifton Commons 16','Avengers: Infinity War 3D','2018-05-03','16:45',NULL),('5324','AMC Clifton Commons 16','Avengers: Infinity War 3D','2018-05-03','20:00',NULL),('5324','AMC Clifton Commons 16','Avengers: Infinity War 3D','2018-05-03','20:30',NULL),('5324','AMC Clifton Commons 16','Bad Samaritan','2018-05-03','19:00',NULL),('5324','AMC Clifton Commons 16','Bad Samaritan','2018-05-03','21:45',NULL),('5324','AMC Clifton Commons 16','Like Arrows','2018-05-03','19:00',NULL),('5893','Bow Tie Millburn Cinemas','Black Panther','2018-05-03','13:00','http://www.fandango.com/tms.asp?t=AAHLF&m=162611&d=2018-05-03'),('5893','Bow Tie Millburn Cinemas','Black Panther','2018-05-03','16:00','http://www.fandango.com/tms.asp?t=AAHLF&m=162611&d=2018-05-03'),('5893','Bow Tie Millburn Cinemas','Black Panther','2018-05-03','19:00','http://www.fandango.com/tms.asp?t=AAHLF&m=162611&d=2018-05-03'),('5893','Bow Tie Millburn Cinemas','Chappaquiddick','2018-05-03','13:15','http://www.fandango.com/tms.asp?t=AAHLF&m=178208&d=2018-05-03'),('5893','Bow Tie Millburn Cinemas','Chappaquiddick','2018-05-03','19:45','http://www.fandango.com/tms.asp?t=AAHLF&m=178208&d=2018-05-03'),('5893','Bow Tie Millburn Cinemas','I Feel Pretty','2018-05-03','13:45','http://www.fandango.com/tms.asp?t=AAHLF&m=181750&d=2018-05-03'),('5893','Bow Tie Millburn Cinemas','I Feel Pretty','2018-05-03','16:45','http://www.fandango.com/tms.asp?t=AAHLF&m=181750&d=2018-05-03'),('5893','Bow Tie Millburn Cinemas','I Feel Pretty','2018-05-03','19:30','http://www.fandango.com/tms.asp?t=AAHLF&m=181750&d=2018-05-03'),('5893','Bow Tie Millburn Cinemas','Rampage','2018-05-03','13:30','http://www.fandango.com/tms.asp?t=AAHLF&m=168977&d=2018-05-03'),('5893','Bow Tie Millburn Cinemas','Rampage','2018-05-03','16:30','http://www.fandango.com/tms.asp?t=AAHLF&m=168977&d=2018-05-03'),('5893','Bow Tie Millburn Cinemas','Rampage','2018-05-03','19:15','http://www.fandango.com/tms.asp?t=AAHLF&m=168977&d=2018-05-03'),('5893','Bow Tie Millburn Cinemas','Ready Player One','2018-05-03','16:15','http://www.fandango.com/tms.asp?t=AAHLF&m=161783&d=2018-05-03'),('6954','AMC Mountainside 10','A Quiet Place','2018-05-03','12:25','http://www.fandango.com/tms.asp?t=AAAUG&m=179044&d=2018-05-03'),('6954','AMC Mountainside 10','A Quiet Place','2018-05-03','14:50','http://www.fandango.com/tms.asp?t=AAAUG&m=179044&d=2018-05-03'),('6954','AMC Mountainside 10','A Quiet Place','2018-05-03','17:30','http://www.fandango.com/tms.asp?t=AAAUG&m=179044&d=2018-05-03'),('6954','AMC Mountainside 10','A Quiet Place','2018-05-03','20:15','http://www.fandango.com/tms.asp?t=AAAUG&m=179044&d=2018-05-03'),('6954','AMC Mountainside 10','A Quiet Place','2018-05-03','22:30','http://www.fandango.com/tms.asp?t=AAAUG&m=179044&d=2018-05-03'),('6954','AMC Mountainside 10','Avengers: Infinity War','2018-05-03','11:30','http://www.fandango.com/tms.asp?t=AAAUG&m=162537&d=2018-05-03'),('6954','AMC Mountainside 10','Avengers: Infinity War','2018-05-03','13:00','http://www.fandango.com/tms.asp?t=AAAUG&m=162537&d=2018-05-03'),('6954','AMC Mountainside 10','Avengers: Infinity War','2018-05-03','15:10','http://www.fandango.com/tms.asp?t=AAAUG&m=162537&d=2018-05-03'),('6954','AMC Mountainside 10','Avengers: Infinity War','2018-05-03','16:40','http://www.fandango.com/tms.asp?t=AAAUG&m=162537&d=2018-05-03'),('6954','AMC Mountainside 10','Avengers: Infinity War','2018-05-03','18:45','http://www.fandango.com/tms.asp?t=AAAUG&m=162537&d=2018-05-03'),('6954','AMC Mountainside 10','Avengers: Infinity War','2018-05-03','20:00','http://www.fandango.com/tms.asp?t=AAAUG&m=162537&d=2018-05-03'),('6954','AMC Mountainside 10','Avengers: Infinity War','2018-05-03','22:00','http://www.fandango.com/tms.asp?t=AAAUG&m=162537&d=2018-05-03'),('6954','AMC Mountainside 10','Avengers: Infinity War','2018-05-03','22:15','http://www.fandango.com/tms.asp?t=AAAUG&m=162537&d=2018-05-03'),('6954','AMC Mountainside 10','Avengers: Infinity War 3D','2018-05-03','11:00','http://www.fandango.com/tms.asp?t=AAAUG&m=162538&d=2018-05-03'),('6954','AMC Mountainside 10','Avengers: Infinity War 3D','2018-05-03','12:15','http://www.fandango.com/tms.asp?t=AAAUG&m=162538&d=2018-05-03'),('6954','AMC Mountainside 10','Avengers: Infinity War 3D','2018-05-03','14:35','http://www.fandango.com/tms.asp?t=AAAUG&m=162538&d=2018-05-03'),('6954','AMC Mountainside 10','Avengers: Infinity War 3D','2018-05-03','15:55','http://www.fandango.com/tms.asp?t=AAAUG&m=162538&d=2018-05-03'),('6954','AMC Mountainside 10','Avengers: Infinity War 3D','2018-05-03','18:00','http://www.fandango.com/tms.asp?t=AAAUG&m=162538&d=2018-05-03'),('6954','AMC Mountainside 10','Avengers: Infinity War 3D','2018-05-03','19:15','http://www.fandango.com/tms.asp?t=AAAUG&m=162538&d=2018-05-03'),('6954','AMC Mountainside 10','Avengers: Infinity War 3D','2018-05-03','19:30','http://www.fandango.com/tms.asp?t=AAAUG&m=162538&d=2018-05-03'),('6954','AMC Mountainside 10','Avengers: Infinity War 3D','2018-05-03','21:45','http://www.fandango.com/tms.asp?t=AAAUG&m=162538&d=2018-05-03'),('6954','AMC Mountainside 10','I Feel Pretty','2018-05-03','12:20','http://www.fandango.com/tms.asp?t=AAAUG&m=181750&d=2018-05-03'),('6954','AMC Mountainside 10','I Feel Pretty','2018-05-03','15:25','http://www.fandango.com/tms.asp?t=AAAUG&m=181750&d=2018-05-03'),('6954','AMC Mountainside 10','I Feel Pretty','2018-05-03','18:15','http://www.fandango.com/tms.asp?t=AAAUG&m=181750&d=2018-05-03'),('6954','AMC Mountainside 10','I Feel Pretty','2018-05-03','21:15','http://www.fandango.com/tms.asp?t=AAAUG&m=181750&d=2018-05-03'),('6954','AMC Mountainside 10','Overboard','2018-05-03','19:00','http://www.fandango.com/tms.asp?t=AAAUG&m=179679&d=2018-05-03'),('6954','AMC Mountainside 10','Overboard','2018-05-03','21:50','http://www.fandango.com/tms.asp?t=AAAUG&m=179679&d=2018-05-03'),('6954','AMC Mountainside 10','Rampage','2018-05-03','11:10','http://www.fandango.com/tms.asp?t=AAAUG&m=168977&d=2018-05-03'),('6954','AMC Mountainside 10','Rampage','2018-05-03','16:30','http://www.fandango.com/tms.asp?t=AAAUG&m=168977&d=2018-05-03'),('6954','AMC Mountainside 10','Rampage 3D','2018-05-03','13:50','http://www.fandango.com/tms.asp?t=AAAUG&m=168978&d=2018-05-03'),('6954','AMC Mountainside 10','Rampage 3D','2018-05-03','22:45','http://www.fandango.com/tms.asp?t=AAAUG&m=168978&d=2018-05-03'),('6954','AMC Mountainside 10','Ready Player One','2018-05-03','12:30','http://www.fandango.com/tms.asp?t=AAAUG&m=161783&d=2018-05-03'),('6954','AMC Mountainside 10','Ready Player One','2018-05-03','15:40','http://www.fandango.com/tms.asp?t=AAAUG&m=161783&d=2018-05-03'),('6954','AMC Mountainside 10','Super Troopers 2','2018-05-03','11:15','http://www.fandango.com/tms.asp?t=AAAUG&m=176847&d=2018-05-03'),('6954','AMC Mountainside 10','Super Troopers 2','2018-05-03','13:45','http://www.fandango.com/tms.asp?t=AAAUG&m=176847&d=2018-05-03'),('6954','AMC Mountainside 10','Super Troopers 2','2018-05-03','16:25','http://www.fandango.com/tms.asp?t=AAAUG&m=176847&d=2018-05-03'),('6954','AMC Mountainside 10','Traffik','2018-05-03','14:15','http://www.fandango.com/tms.asp?t=AAAUG&m=177383&d=2018-05-03'),('6954','AMC Mountainside 10','Traffik','2018-05-03','17:00','http://www.fandango.com/tms.asp?t=AAAUG&m=177383&d=2018-05-03'),('6954','AMC Mountainside 10','Traffik','2018-05-03','19:40','http://www.fandango.com/tms.asp?t=AAAUG&m=177383&d=2018-05-03'),('6954','AMC Mountainside 10','Tully','2018-05-03','19:00','http://www.fandango.com/tms.asp?t=AAAUG&m=178594&d=2018-05-03'),('6954','AMC Mountainside 10','Tully','2018-05-03','21:30','http://www.fandango.com/tms.asp?t=AAAUG&m=178594&d=2018-05-03'),('7947','New Vision Cranford Theatre','Avengers: Infinity War','2018-05-03','15:40','http://www.fandango.com/tms.asp?t=AABTY&m=162537&d=2018-05-03'),('7947','New Vision Cranford Theatre','Avengers: Infinity War 3D','2018-05-03','19:00','http://www.fandango.com/tms.asp?t=AABTY&m=162538&d=2018-05-03'),('7947','New Vision Cranford Theatre','Beirut','2018-05-03','16:20','http://www.fandango.com/tms.asp?t=AABTY&m=180152&d=2018-05-03'),('7947','New Vision Cranford Theatre','Chappaquiddick','2018-05-03','16:30','http://www.fandango.com/tms.asp?t=AABTY&m=178208&d=2018-05-03'),('7947','New Vision Cranford Theatre','Chappaquiddick','2018-05-03','19:10','http://www.fandango.com/tms.asp?t=AABTY&m=178208&d=2018-05-03'),('7947','New Vision Cranford Theatre','Isle of Dogs','2018-05-03','16:10','http://www.fandango.com/tms.asp?t=AABTY&m=178324&d=2018-05-03'),('7947','New Vision Cranford Theatre','Isle of Dogs','2018-05-03','18:40','http://www.fandango.com/tms.asp?t=AABTY&m=178324&d=2018-05-03'),('7947','New Vision Cranford Theatre','Lean on Pete','2018-05-03','16:00','http://www.fandango.com/tms.asp?t=AABTY&m=180942&d=2018-05-03'),('7947','New Vision Cranford Theatre','Lean on Pete','2018-05-03','18:50','http://www.fandango.com/tms.asp?t=AABTY&m=180942&d=2018-05-03'),('7947','New Vision Cranford Theatre','Like Arrows','2018-05-03','19:00','http://www.fandango.com/tms.asp?t=AABTY&m=181040&d=2018-05-03');
/*!40000 ALTER TABLE `showtimes` ENABLE KEYS */;
UNLOCK TABLES;

--
-- Table structure for table `theatres`
--

DROP TABLE IF EXISTS `theatres`;
/*!40101 SET @saved_cs_client     = @@character_set_client */;
/*!40101 SET character_set_client = utf8 */;
CREATE TABLE `theatres` (
  `theatre_id` varchar(7) NOT NULL,
  `theatre_name` varchar(60) DEFAULT NULL,
  `zipcode` varchar(6) NOT NULL,
  PRIMARY KEY (`theatre_id`,`zipcode`)
) ENGINE=InnoDB DEFAULT CHARSET=latin1;
/*!40101 SET character_set_client = @saved_cs_client */;

--
-- Dumping data for table `theatres`
--

LOCK TABLES `theatres` WRITE;
/*!40000 ALTER TABLE `theatres` DISABLE KEYS */;
INSERT INTO `theatres` VALUES ('10061','Secaucus ShowPlace 14','07071'),('10061','Secaucus ShowPlace 14','07087'),('10108','Bow Tie Hoboken Cinemas','07087'),('10198','Fabian 8 Cinema','07011'),('10198','Fabian 8 Cinema','07012'),('10198','Fabian 8 Cinema','07013'),('10198','Fabian 8 Cinema','07015'),('10198','Fabian 8 Cinema','07524'),('10447','Film Society of Lincoln Center\'s Elinor Bunin Munroe Film Ce','07087'),('10795','Allwood Cinemas 6','07011'),('10795','Allwood Cinemas 6','07012'),('10795','Allwood Cinemas 6','07013'),('10795','Allwood Cinemas 6','07014'),('10795','Allwood Cinemas 6','07015'),('10795','Allwood Cinemas 6','07071'),('11315','Metrograph','07087'),('11431','iPic Theaters at Fulton Market','07087'),('11440','Washington Township Cinemas','07675'),('11598','The Landmark at 57 West','07087'),('11626','Roxy Cinema TriBeCa','07087'),('11632','CMX Closter','07675'),('11660','Film Noir Cinema','07087'),('1642','IFC Center','07087'),('2757','The Museum of Modern Art','07087'),('2792','City Cinemas 1, 2 & 3','07087'),('2813','Center Cinemas','07011'),('2813','Center Cinemas','07012'),('2813','Center Cinemas','07013'),('2813','Center Cinemas','07014'),('2813','Center Cinemas','07015'),('2813','Center Cinemas','07071'),('2863','City Cinemas 86th Street East','07087'),('2934','Hawthorne 5','07011'),('2934','Hawthorne 5','07015'),('2934','Hawthorne 5','07524'),('2975','Angelika Film Center New York','07087'),('3034','City Cinemas Village East','07087'),('3045','Empire Union Cinemas','07081'),('3065','Hudson Mall Cinemas','07087'),('3193','Reading Cinemas Manville','08807'),('3900','Westwood Theaters','07675'),('3915','New Vision Rialto Theatre','07081'),('4076','Maplewood Theater','07081'),('4919','Bow Tie South Orange 5','07081'),('4919','Bow Tie South Orange 5','07107'),('5324','AMC Clifton Commons 16','07011'),('5324','AMC Clifton Commons 16','07012'),('5324','AMC Clifton Commons 16','07013'),('5324','AMC Clifton Commons 16','07014'),('5324','AMC Clifton Commons 16','07015'),('5324','AMC Clifton Commons 16','07071'),('5601','California Science Center IMAX','90001'),('5635','Regal Battery Park Stadium 11','07087'),('5871','Columbia Park Empire 12','07087'),('5893','Bow Tie Millburn Cinemas','07081'),('5898','Bow Tie Clairidge Cinemas','07012'),('6648','City Cinemas Paris Theatre','07087'),('6954','AMC Mountainside 10','07081'),('7174','Edgewater Multiplex Cinemas','07087'),('7207','AMC Dine-in Theatres Bridgewater 7','08807'),('7503','AMC Empire 25','07087'),('7572','Regal Union Square Stadium 14','07087'),('7613','Cinepolis Chelsea','07087'),('7783','Park Twin Theatre','90001'),('7784','Film Forum','07087'),('7785','Quad Cinema','07087'),('7790','AMC Newport Centre 11','07087'),('7809','AMC Dine-in Theatres Essex Green 9','07107'),('7925','Laemmle Music Hall 3','90210'),('7947','New Vision Cranford Theatre','07081'),('8099','Film Society of Lincoln Center\'s Walter Reade Theater','07087'),('8100','AMC Universal CityWalk 19','90210'),('8442','Bow Tie Warner Quad','07524'),('8442','Bow Tie Warner Quad','07675'),('8448','Cinema Village','07087'),('8531','CityPlex 12 Newark','07107'),('8608','Bow Tie Wayne Preakness Cinemas','07524'),('8852','Edwards South Gate Stadium 20 & IMAX','90001'),('9013','AMC Loews 34th Street 14','07087'),('9029','American Museum of Natural History','07087'),('9039','AMC Loews Orpheum 7','07087'),('9062','AMC Loews Lincoln Square 13','07087'),('9074','Regal E-Walk Stadium 13 & RPX','07087'),('9084','AMC Loews 19th Street East 6','07087'),('9111','AMC 84th Street 6','07087'),('9112','AMC Village 7','07087'),('9151','AMC Loews Kips Bay 15','07087'),('9312','AMC Garden State 16','07524'),('9312','AMC Garden State 16','07675'),('9770','City Cinemas Beekman Theatre','07087');
/*!40000 ALTER TABLE `theatres` ENABLE KEYS */;
UNLOCK TABLES;
/*!40103 SET TIME_ZONE=@OLD_TIME_ZONE */;

/*!40101 SET SQL_MODE=@OLD_SQL_MODE */;
/*!40014 SET FOREIGN_KEY_CHECKS=@OLD_FOREIGN_KEY_CHECKS */;
/*!40014 SET UNIQUE_CHECKS=@OLD_UNIQUE_CHECKS */;
/*!40101 SET CHARACTER_SET_CLIENT=@OLD_CHARACTER_SET_CLIENT */;
/*!40101 SET CHARACTER_SET_RESULTS=@OLD_CHARACTER_SET_RESULTS */;
/*!40101 SET COLLATION_CONNECTION=@OLD_COLLATION_CONNECTION */;
/*!40111 SET SQL_NOTES=@OLD_SQL_NOTES */;

-- Dump completed on 2018-05-03 13:55:42
